Workbook

Sheet Executive Summary
A1: FDS v3.1.20 · Executive Schedule Summary (CANDIDATE)
A3: Metric | B3: Value | D3: Current gate / control | E3: Result
A4: As of | B4: 46287 | D4: G0 Design Freeze | E4: FULL PASS / Done
A5: Canonical version | B5: 3.1.19 RELEASED / 3.1.20 CANDIDATE | D5: G1 Target | E5: 46282
A6: Planning records | B6: =COUNTA(WBS!A4:A61) | D6: G2 Target | E6: 46286
A7: Tasks + CR | B7: =COUNTIF(WBS!E4:E61,"Task")+COUNTIF(WBS!E4:E61,"Change Request") | D7: G3 Target | E7: 46287
A8: Milestones | B8: =COUNTIF(WBS!E4:E61,"Milestone") | D8: ICR-D-NET-01-01 | E8: In Progress / Plan 09-21; actual pending
A9: All records / Milestone | B9: 67 / 67 | D9: CR-P1-ANS-01-01 | E9: Done / 2026-09-07
A11: Status | B11: Count | D11: Lead | E11: Records
A12: Done | B12: =COUNTIF(WBS!$G$4:$G$61,A12) | D12: 이권욱 | E12: =COUNTIF(WBS!$L$4:$L$61,D12)
A13: In Progress | B13: =COUNTIF(WBS!$G$4:$G$61,A13) | D13: 이하영 | E13: =COUNTIF(WBS!$L$4:$L$61,D13)
A14: In Review | B14: =COUNTIF(WBS!$G$4:$G$61,A14) | D14: 이재환 | E14: =COUNTIF(WBS!$L$4:$L$61,D14)
A15: To Do | B15: =COUNTIF(WBS!$G$4:$G$61,A15)
A18: Lead decisions / schedule alerts
A19: Priority | B19: Decision / Alert | C19: Impact | D19: Owner
A20: P0 | B20: ICR-D-NET-01-01 end date | C20: 계획 09-21; 실제 인수 미완료 | D20: 이권욱
A21: P0 | B21: Management return route | C21: monitor01/db01/harbor01/edge01 path evidence pending | D21: 이권욱
A22: P0 | B22: Phase 1 review calendar | C22: 09-22 오후 평일 Review 결정 Done; 실제 Review 별도 | D22: 이권욱
A23: P1 | B23: Phase 2 review calendar | C23: 2026-10-24 is Saturday; D24 pending | D23: 이권욱
A24: P1 | B24: Evidence placeholders | C24: Slides 11/12 are not completion evidence | D24: 이재환
A25: P0 | B25: Calendar history: 2026-09-04 | C25: 이력 보존; 현재 계획은 WBS/각 Gate 행 참조 | D25: 이권욱
A26: P0 | B26: Calendar history: 2026-09-08 | C26: P1-K8S/P1-HBR/P1-SEC Lead gap; ICR/P1-APP/P1-CICD support gap; no automatic rebaseline | D26: 이권욱
A27: P0 | B27: Gate targets: G1 09-17 / G2 09-21 / G3 09-22 | C27: Recommendation; evidence gates unchanged. Close 09-23 remains conditional.
A28: P1 | B28: P1 enhancements deferred | C28: MON-02 / DR-02 / HA-02: implementation dates TBD; handoff 09-23, replan decision 09-28.
A29: P0 | B29: Calendar history: 2026-09-10 | C29: Existing SEC window: 5→4 days. New window through 09-21: 10 available days; not remaining effort.

Sheet WBS
A1: FDS v3.1.20 · WBS (CANDIDATE)
A2: As of | B2: 46287 | C2: Canonical | D2: 3.1.19 RELEASED / 3.1.20 CANDIDATE | E2: Records | F2: =COUNTA(A4:A61)
A3: WBS ID | B3: Title | C3: Phase | D3: Category | E3: Type | F3: Priority | G3: Status | H3: Plan Start | I3: Plan End | J3: Calendar Days | K3: Lead Workdays | L3: Lead | M3: Support | N3: Dependencies / Decisions | O3: Risks | P3: Description / Exit Criteria | Q3: Schedule Note | R3: Source | S3: Schedule Health
A4: D-SEC-01 | B4: Security Design Scope / Approval Review | C4: Design | D4: Security / Governance | E4: Decision | F4: P0 | G4: Done | H4: 46260 | I4: 46266 | J4: =IF(OR(H4="",I4=""),"",I4-H4+1) | K4: =IF(OR(H4="",I4=""),"",NETWORKDAYS(H4,I4,'Sources & Change Log'!$J$2:$J$5)-COUNTIFS('Team Calendar'!$A$5:$A$12,L4,'Team Calendar'!$C$5:$C$12,">="&H4,'Team Calendar'!$C$5:$C$12,"<="&I4,'Team Calendar'!$F$5:$F$12,"Personal absence")) | L4: 이하영 | M4: 이권욱, 이재환 | N4: D17; D28 | O4: RISK-05; RISK-07 | P4: 승인권자 지정, D-SEC-01 검토 범위·산출물·Exit Criteria 승인, P1-SEC-01과의 경계 승인, 요구사항과 검증 증적 연결 후 Done 판정 | Q4: v3.1.14 최종 승인·정본 반영 완료. 구현은 P1-SEC-01로 이관. | R4: https://github.com/321Team/fds-project-baseline/issues/7 | S4: =IF(G4="Done","Done",IF(I4="","End TBD",IF(I4<'Executive Summary'!$B$4,"Overdue",IF(H4>'Executive Summary'!$B$4,"Upcoming","Active window"))))
A5: MS-G0-01 | B5: G0 Design Freeze | C5: Design | D5: Milestone / Design Freeze | E5: Milestone | F5: P0 | G5: Done | H5: 46260 | I5: 46266 | J5: =IF(OR(H5="",I5=""),"",I5-H5+1) | K5: =IF(OR(H5="",I5=""),"",NETWORKDAYS(H5,I5,'Sources & Change Log'!$J$2:$J$5)-COUNTIFS('Team Calendar'!$A$5:$A$12,L5,'Team Calendar'!$C$5:$C$12,">="&H5,'Team Calendar'!$C$5:$C$12,"<="&I5,'Team Calendar'!$F$5:$F$12,"Personal absence")) | L5: 이권욱 | M5: 이하영, 이재환 | N5: D17; D28; D32; D34; D35 | O5: RISK-05; RISK-07 | P5: D-ARC-01·D-NET-01·D-WBS-01·D-SEC-01 승인과 정본 Evidence를 확인하고 G0 FULL PASS 기록 확보 | Q5: G0 Design Freeze FULL PASS (2026-09-01). | R5: https://github.com/321Team/fds-project-baseline/issues/8 | S5: =IF(G5="Done","Done",IF(I5="","End TBD",IF(I5<'Executive Summary'!$B$4,"Overdue",IF(H5>'Executive Summary'!$B$4,"Upcoming","Active window"))))
A6: P1-LB-01 | B6: Kubernetes API Load Balancer | C6: Phase 1 | D6: Infrastructure / Load Balancer | E6: Task | F6: P0 | G6: In Progress | H6: 46261 | I6: 46282 | J6: =IF(OR(H6="",I6=""),"",I6-H6+1) | K6: =IF(OR(H6="",I6=""),"",NETWORKDAYS(H6,I6,'Sources & Change Log'!$J$2:$J$5)-COUNTIFS('Team Calendar'!$A$5:$A$12,L6,'Team Calendar'!$C$5:$C$12,">="&H6,'Team Calendar'!$C$5:$C$12,"<="&I6,'Team Calendar'!$F$5:$F$12,"Personal absence")) | L6: 이권욱 | M6: 이하영 | N6: D02; D05; D27; D31; D34; D35 | O6: RISK-02; RISK-03; RISK-04 | P6: IF-11/IF-11A/IF-06A Source Allowlist, `.109:6443→.102~.104:6443` Stage A Listener/Handoff와 Stage B Backend Health/API/Failover Evidence | Q6: Stage B는 3CP API 기동 후 검증하며 09-17 G1 인수에 연결한다. 실제 상태·완료 판정은 유지한다. 세부 배정: Fast Track Plan 시트. | R6: https://github.com/321Team/fds-project-baseline/issues/9 | S6: =IF(G6="Done","Done",IF(I6="",IF(F6="P1","Deferred P1","End TBD"),IF(I6<'Executive Summary'!$B$4,"Overdue",IF(H6>'Executive Summary'!$B$4,"Upcoming","Active window"))))
A7: P1-K8S-01 | B7: kubeadm 3CP + 3Worker / Calico | C7: Phase 1 | D7: Kubernetes / Platform | E7: Task | F7: P0 | G7: In Progress | H7: 46261 | I7: 46282 | J7: =IF(OR(H7="",I7=""),"",I7-H7+1) | K7: =IF(OR(H7="",I7=""),"",NETWORKDAYS(H7,I7,'Sources & Change Log'!$J$2:$J$5)-COUNTIFS('Team Calendar'!$A$5:$A$12,L7,'Team Calendar'!$C$5:$C$12,">="&H7,'Team Calendar'!$C$5:$C$12,"<="&I7,'Team Calendar'!$F$5:$F$12,"Personal absence")) | L7: 이하영 | M7: 이권욱 | N7: D01; D02; D05; D27; D31; D34; D35 | O7: RISK-02; RISK-03; RISK-04; RISK-07; RISK-14 | P7: LB Stage A 확인, 6개 Node의 보호 공백 없는 firewalld→named HEP/GNP 전환, containerd/kubelet·SELinux·identity·Port Matrix, BGP Disabled+VXLANCrossSubnet Calico, 6/6 Ready, CoreDNS, static local PV Evidence | Q7: 09-11 CP1, 09-14 CP2/3·Worker, 09-15 NTP·Calico, 09-17 증적 인수를 조건부 목표로 둔다. 실제 상태·완료 판정은 유지한다. 세부 배정: Fast Track Plan 시트. | R7: https://github.com/321Team/fds-project-baseline/issues/10 | S7: =IF(G7="Done","Done",IF(I7="",IF(F7="P1","Deferred P1","End TBD"),IF(I7<'Executive Summary'!$B$4,"Overdue",IF(H7>'Executive Summary'!$B$4,"Upcoming","Active window"))))
A8: P1-DB-01 | B8: PostgreSQL External VM | C8: Phase 1 | D8: Data / Database | E8: Task | F8: P0 | G8: In Progress | H8: 46262 | I8: 46282 | J8: =IF(OR(H8="",I8=""),"",I8-H8+1) | K8: =IF(OR(H8="",I8=""),"",NETWORKDAYS(H8,I8,'Sources & Change Log'!$J$2:$J$5)-COUNTIFS('Team Calendar'!$A$5:$A$12,L8,'Team Calendar'!$C$5:$C$12,">="&H8,'Team Calendar'!$C$5:$C$12,"<="&I8,'Team Calendar'!$F$5:$F$12,"Personal absence")) | L8: 이재환 | M8: 이권욱 | N8: D04; D05 | O8: RISK-04; RISK-07; RISK-09 | P8: db01 10.1.93.55:5432 구축, Schema/Migration 적용, transaction-api 승인 Source 접속·저장·조회 및 접근차단 Evidence 확보 | Q8: 09-11 이재환의 고정 Source·Schema·검증/복구 절차 인계가 선행돼야 한다. 기존 Support 이권욱이 부재 중 검증을 지원하며 실제 인수 권한은 기존 통제를 따른다. 실제 상태·완료 판정은 유지한다. 세부 배정: Fast Track Plan 시트. | R8: https://github.com/321Team/fds-project-baseline/issues/11 | S8: =IF(G8="Done","Done",IF(I8="",IF(F8="P1","Deferred P1","End TBD"),IF(I8<'Executive Summary'!$B$4,"Overdue",IF(H8>'Executive Summary'!$B$4,"Upcoming","Active window"))))
A9: P1-DNS-01 | B9: Internal DNS Primary/Secondary | C9: Phase 1 | D9: DNS / Supporting Service | E9: Task | F9: P1 | G9: Done | H9: 46262 | I9: 46268 | J9: =IF(OR(H9="",I9=""),"",I9-H9+1) | K9: =IF(OR(H9="",I9=""),"",NETWORKDAYS(H9,I9,'Sources & Change Log'!$J$2:$J$5)-COUNTIFS('Team Calendar'!$A$5:$A$12,L9,'Team Calendar'!$C$5:$C$12,">="&H9,'Team Calendar'!$C$5:$C$12,"<="&I9,'Team Calendar'!$F$5:$F$12,"Personal absence")) | L9: 이권욱 | M9: 이하영 | N9: D08; D09; D34; D35 | O9: RISK-02; RISK-04; RISK-07 | P9: Primary/Secondary·TSIG·제한 Query/Recursion·Failover Evidence와 k8s-api-lb01 `.109` Resolver/ACL/IPSet 검증 및 Support Review 승인 | Q9: 기술 검증·Support Review·.109 ACL/Resolver/Failover Delta 확인 완료. 2026-09-03 Done 승인. | R9: https://github.com/321Team/fds-project-baseline/issues/12 | S9: =IF(G9="Done","Done",IF(I9="","End TBD",IF(I9<'Executive Summary'!$B$4,"Overdue",IF(H9>'Executive Summary'!$B$4,"Upcoming","Active window"))))
A10: P1-HBR-01 | B10: Harbor / Trivy Registry | C10: Phase 1 | D10: Registry / Supply Chain | E10: Task | F10: P0 | G10: In Progress | H10: 46265 | I10: 46282 | J10: =IF(OR(H10="",I10=""),"",I10-H10+1) | K10: =IF(OR(H10="",I10=""),"",NETWORKDAYS(H10,I10,'Sources & Change Log'!$J$2:$J$5)-COUNTIFS('Team Calendar'!$A$5:$A$12,L10,'Team Calendar'!$C$5:$C$12,">="&H10,'Team Calendar'!$C$5:$C$12,"<="&I10,'Team Calendar'!$F$5:$F$12,"Personal absence")) | L10: 이하영 | M10: 이권욱 | N10: D04; D17; D19; D35 | O10: RISK-04; RISK-06; RISK-07 | P10: harbor01 `.54:443`, Private CA Trust, 최소권한 Robot Account, IF-09 Runner Push·IF-10 Worker Pull/Pod Start, 비승인 Push/Pull DENY, Trivy/Digest/Evidence PASS | Q10: Harbor 준비는 CP 후속과 병행하고 09-16 CI Scan Digest까지 4/4 대조 후 09-17 인수 목표다. 실제 상태·완료 판정은 유지한다. 세부 배정: Fast Track Plan 시트. | R10: https://github.com/321Team/fds-project-baseline/issues/13 | S10: =IF(G10="Done","Done",IF(I10="",IF(F10="P1","Deferred P1","End TBD"),IF(I10<'Executive Summary'!$B$4,"Overdue",IF(H10>'Executive Summary'!$B$4,"Upcoming","Active window"))))
A11: ICR-D-NET-01-01 | B11: Kubernetes Node Host Firewall / Monitoring Route | C11: Phase 1 | D11: Network / Interface Change Control | E11: Change Request | F11: P0 | G11: In Progress | H11: 46266 | I11: 46286 | J11: =IF(OR(H11="",I11=""),"",I11-H11+1) | K11: =IF(OR(H11="",I11=""),"",NETWORKDAYS(H11,I11,'Sources & Change Log'!$J$2:$J$5)-COUNTIFS('Team Calendar'!$A$5:$A$12,L11,'Team Calendar'!$C$5:$C$12,">="&H11,'Team Calendar'!$C$5:$C$12,"<="&I11,'Team Calendar'!$F$5:$F$12,"Personal absence")) | L11: 이권욱 | M11: 이하영, 이재환 | N11: D17; D18; D33; D34; D35 | O11: RISK-04; RISK-07 | P11: Kubernetes 6개 Node의 보호 공백 없는 firewalld→Calico named HEP/GNP 전환, 30080/9100/10250 최소 허용, 관리망 반환 경로와 IF-06B 정합화, Positive/Negative/Regression/Reboot/Rollback 및 무결성 Evidence 완료 | Q11: 09-21은 권장 Plan End이며 실제 종료일 확정이나 AC 완료가 아니다. 기존 End TBD 이력은 보존한다. CP→Worker·NTP·IF-16을 먼저, IF-06B·Negative/Reboot/Rollback·보호 인계를 후속 검증한다. 실제 상태·완료 판정은 유지한다. 세부 배정: Fast Track Plan 시트. | R11: https://github.com/321Team/fds-project-baseline/issues/14 | S11: =IF(G11="Done","Done",IF(I11="",IF(F11="P1","Deferred P1","End TBD"),IF(I11<'Executive Summary'!$B$4,"Overdue",IF(H11>'Executive Summary'!$B$4,"Upcoming","Active window"))))
A12: CR-P1-ANS-01-01 | B12: Ansible Kubernetes Node DNS Resolver 변경 | C12: Phase 1 | D12: Automation / DNS Client | E12: Change Request | F12: P1 | G12: Done | H12: 46269 | I12: 46272 | J12: =IF(OR(H12="",I12=""),"",I12-H12+1) | K12: =IF(OR(H12="",I12=""),"",NETWORKDAYS(H12,I12,'Sources & Change Log'!$J$2:$J$5)-COUNTIFS('Team Calendar'!$A$5:$A$12,L12,'Team Calendar'!$C$5:$C$12,">="&H12,'Team Calendar'!$C$5:$C$12,"<="&I12,'Team Calendar'!$F$5:$F$12,"Personal absence")) | L12: 이권욱 | M12: 이하영 | N12: D08; D09; D34; D35 | O12: RISK-02; RISK-04; RISK-07 | P12: Kubernetes 6개 Node의 DNS 전환, 검색 도메인·API FQDN/Short Name·외부 DNS·직접 질의·서비스 회귀·멱등성·Rollback·Evidence 무결성 및 Support Review 완료 | Q12: 2026-09-07 Runtime·멱등성·회귀·Rollback·무결성 증적과 이하영 승인 리뷰를 완료하고 이권욱 수동 승인으로 PR #1을 병합했다. GitHub Actions 실행은 0건이므로 CI PASS로 기록하지 않는다. v3.1.17의 `In Review` 표시는 발행 시점 스냅샷이며 다음 정본에서 `Done`으로 동기화한다. | R12: https://github.com/321Team/fds-project-baseline/issues/58 | S12: =IF(G12="Done","Done",IF(I12="","End TBD",IF(I12<'Executive Summary'!$B$4,"Overdue",IF(H12>'Executive Summary'!$B$4,"Upcoming","Active window"))))
A13: P1-APP-01 | B13: transaction-api / fds-engine | C13: Phase 1 | D13: Application / MSA | E13: Task | F13: P0 | G13: In Progress | H13: 46266 | I13: 46283 | J13: =IF(OR(H13="",I13=""),"",I13-H13+1) | K13: =IF(OR(H13="",I13=""),"",NETWORKDAYS(H13,I13,'Sources & Change Log'!$J$2:$J$5)-COUNTIFS('Team Calendar'!$A$5:$A$12,L13,'Team Calendar'!$C$5:$C$12,">="&H13,'Team Calendar'!$C$5:$C$12,"<="&I13,'Team Calendar'!$F$5:$F$12,"Personal absence")) | L13: 이재환 | M13: 이하영 | N13: D03; D04; D18; D27; D31; D34 | O13: RISK-07; RISK-09 | P13: 2개 Deployment/Service, 업무 8000/8001·metrics 9091/9090, `/livez`·`/readyz`, DB/FDS 장애정책, Resource, local endpoint topology, Contract/E2E Evidence | Q13: 09-11 인계 및 사전 검증, 09-18 복귀 후 정본 Runtime 통합. 휴가 중 미승인 업무 계약·Schema 변경은 중단한다. 실제 상태·완료 판정은 유지한다. 세부 배정: Fast Track Plan 시트. | R13: https://github.com/321Team/fds-project-baseline/issues/15 | S13: =IF(G13="Done","Done",IF(I13="",IF(F13="P1","Deferred P1","End TBD"),IF(I13<'Executive Summary'!$B$4,"Overdue",IF(H13>'Executive Summary'!$B$4,"Upcoming","Active window"))))
A14: P1-CICD-01 | B14: GitHub Actions / Self-hosted Runner Delivery | C14: Phase 1 | D14: CI/CD / Supply Chain | E14: Task | F14: P0 | G14: In Progress | H14: 46266 | I14: 46283 | J14: =IF(OR(H14="",I14=""),"",I14-H14+1) | K14: =IF(OR(H14="",I14=""),"",NETWORKDAYS(H14,I14,'Sources & Change Log'!$J$2:$J$5)-COUNTIFS('Team Calendar'!$A$5:$A$12,L14,'Team Calendar'!$C$5:$C$12,">="&H14,'Team Calendar'!$C$5:$C$12,"<="&I14,'Team Calendar'!$F$5:$F$12,"Personal absence")) | L14: 이권욱 | M14: 이하영 | N14: D03; D04; D19; D34; D35 | O14: RISK-06; RISK-08 | P14: GitHub→Runner→Test→Build→Trivy→Harbor→Kubernetes Deploy→Health/E2E 흐름과 실패 시 Deploy 차단 Evidence 확보; 승인 Digest와 이전 Digest 복구 추적 | Q14: Runner/Workflow·Negative Gate 준비를 플랫폼 구축과 병행하고 승인된 플랫폼·Harbor가 준비된 뒤 배포한다. 실제 상태·완료 판정은 유지한다. 세부 배정: Fast Track Plan 시트. | R14: https://github.com/321Team/fds-project-baseline/issues/16 | S14: =IF(G14="Done","Done",IF(I14="",IF(F14="P1","Deferred P1","End TBD"),IF(I14<'Executive Summary'!$B$4,"Overdue",IF(H14>'Executive Summary'!$B$4,"Upcoming","Active window"))))
A15: P1-MON-01 | B15: Kubernetes-Integrated Hybrid Monitoring 구축 및 검증 | C15: Phase 1 | D15: Monitoring / Observability | E15: Task | F15: P0 | G15: In Progress | H15: 46272 | I15: 46283 | J15: =IF(OR(H15="",I15=""),"",I15-H15+1) | K15: =IF(OR(H15="",I15=""),"",NETWORKDAYS(H15,I15,'Sources & Change Log'!$J$2:$J$5)-COUNTIFS('Team Calendar'!$A$5:$A$12,L15,'Team Calendar'!$C$5:$C$12,">="&H15,'Team Calendar'!$C$5:$C$12,"<="&I15,'Team Calendar'!$F$5:$F$12,"Personal absence")) | L15: 이재환 | M15: 이권욱 | N15: D05; D14; D17; D19; D33; D34 | O15: RISK-04; RISK-07 | P15: Hybrid Monitoring의 Runtime Acceptance 14개와 필수 보조통제 2개, 구축·복구·Rollback Runbook 및 Support Review 증적 확보 | Q15: 09-11 Monitoring 인계, 부재 중 기존 Support의 준비·구현, 09-18 복귀 후 14개 AC+2개 보조통제 검증을 목표로 한다. 실제 상태·완료 판정은 유지한다. 세부 배정: Fast Track Plan 시트. | R15: https://github.com/321Team/fds-project-baseline/issues/17 | S15: =IF(G15="Done","Done",IF(I15="",IF(F15="P1","Deferred P1","End TBD"),IF(I15<'Executive Summary'!$B$4,"Overdue",IF(H15>'Executive Summary'!$B$4,"Upcoming","Active window"))))
A16: MS-G1-01 | B16: G1 Infrastructure Ready | C16: Phase 1 | D16: Milestone / Infrastructure | E16: Milestone | F16: P0 | G16: To Do | H16: 46282 | I16: 46282 | J16: =IF(OR(H16="",I16=""),"",I16-H16+1) | K16: =IF(OR(H16="",I16=""),"",NETWORKDAYS(H16,I16,'Sources & Change Log'!$J$2:$J$5)-COUNTIFS('Team Calendar'!$A$5:$A$12,L16,'Team Calendar'!$C$5:$C$12,">="&H16,'Team Calendar'!$C$5:$C$12,"<="&I16,'Team Calendar'!$F$5:$F$12,"Personal absence")) | L16: 이권욱 | M16: 이하영, 이재환 | N16: D19; D25; D27 | O16: RISK-02; RISK-03; RISK-04; RISK-06; RISK-07; RISK-08 | P16: CentOS/containerd, Ansible Inventory/SSH/멱등성, 3CP+3Worker, API LB/Calico, Harbor/Runner/PostgreSQL, Node Connectivity와 Push/Pull 준비도 승인 | Q16: 09-17 오후 조건부 인수 목표. 6대·API/LB·Calico·DB·Harbor·Runner 증적 미충족이면 PASS 불가. 실제 상태·완료 판정은 유지한다. 세부 배정: Fast Track Plan 시트. | R16: https://github.com/321Team/fds-project-baseline/issues/18 | S16: =IF(G16="Done","Done",IF(I16="",IF(F16="P1","Deferred P1","End TBD"),IF(I16<'Executive Summary'!$B$4,"Overdue",IF(H16>'Executive Summary'!$B$4,"Upcoming","Active window"))))
A17: P1-SEC-01 | B17: Kubernetes Security Controls | C17: Phase 1 | D17: Security / Kubernetes | E17: Task | F17: P0 | G17: In Progress | H17: 46269 | I17: 46286 | J17: =IF(OR(H17="",I17=""),"",I17-H17+1) | K17: =IF(OR(H17="",I17=""),"",NETWORKDAYS(H17,I17,'Sources & Change Log'!$J$2:$J$5)-COUNTIFS('Team Calendar'!$A$5:$A$12,L17,'Team Calendar'!$C$5:$C$12,">="&H17,'Team Calendar'!$C$5:$C$12,"<="&I17,'Team Calendar'!$F$5:$F$12,"Personal absence")) | L17: 이하영 | M17: 이권욱, 이재환 | N17: D12; D17; D18; D19; D27; D31; D34 | O17: RISK-06; RISK-07; RISK-08 | P17: PSA/SecurityContext/Default Deny/RBAC/HEP-GNP/Secretbox/LimitRange/Probe와 `.50/32→30080` 포함 Positive·Negative·Rollback Evidence PASS | Q17: 09-10 휴가 추가 후 기존 09-04~11 가용일은 4일. 권장 종료 09-21로 확장한 전체 계획창의 가용일은 10일이며 잔여 공수를 뜻하지 않는다. Runtime 검증은 플랫폼·앱 인수와 연계한다. 실제 상태·완료 판정은 유지한다. 세부 배정: Fast Track Plan 시트. | R17: https://github.com/321Team/fds-project-baseline/issues/19 | S17: =IF(G17="Done","Done",IF(I17="",IF(F17="P1","Deferred P1","End TBD"),IF(I17<'Executive Summary'!$B$4,"Overdue",IF(H17>'Executive Summary'!$B$4,"Upcoming","Active window"))))
A18: P1-E2E-01 | B18: Initial / Final E2E & Regression | C18: Phase 1 | D18: QA / Integration Test | E18: Task | F18: P0 | G18: To Do | H18: 46276 | I18: 46287 | J18: =IF(OR(H18="",I18=""),"",I18-H18+1) | K18: =IF(OR(H18="",I18=""),"",NETWORKDAYS(H18,I18,'Sources & Change Log'!$J$2:$J$5)-COUNTIFS('Team Calendar'!$A$5:$A$12,L18,'Team Calendar'!$C$5:$C$12,">="&H18,'Team Calendar'!$C$5:$C$12,"<="&I18,'Team Calendar'!$F$5:$F$12,"Personal absence")) | L18: 이재환 | M18: 이권욱, 이하영 | N18: D03; D05; D17; D18 | O18: RISK-05; RISK-07; RISK-09 | P18: Client→edge→transaction-api→fds-engine→PostgreSQL→Prometheus E2E, Rule·Negative·Regression PASS, Critical Issue 0 및 Evidence 승인 | Q18: 09-11은 케이스·명령·판정 기준 준비일, Runtime은 09-18 이후, 최종 회귀는 09-22 오전이다. 실제 상태·완료 판정은 유지한다. 세부 배정: Fast Track Plan 시트. | R18: https://github.com/321Team/fds-project-baseline/issues/20 | S18: =IF(G18="Done","Done",IF(I18="",IF(F18="P1","Deferred P1","End TBD"),IF(I18<'Executive Summary'!$B$4,"Overdue",IF(H18>'Executive Summary'!$B$4,"Upcoming","Active window"))))
A19: P1-DR-01 | B19: PostgreSQL Backup / Restore | C19: Phase 1 | D19: DR / Data Recovery | E19: Task | F19: P0 | G19: To Do | H19: 46276 | I19: 46286 | J19: =IF(OR(H19="",I19=""),"",I19-H19+1) | K19: =IF(OR(H19="",I19=""),"",NETWORKDAYS(H19,I19,'Sources & Change Log'!$J$2:$J$5)-COUNTIFS('Team Calendar'!$A$5:$A$12,L19,'Team Calendar'!$C$5:$C$12,">="&H19,'Team Calendar'!$C$5:$C$12,"<="&I19,'Team Calendar'!$F$5:$F$12,"Personal absence")) | L19: 이재환 | M19: 이권욱 | N19: D04 | O19: RISK-05; RISK-09 | P19: pg_dump Backup, 승인된 초기화/격리 환경 Restore, Row/Rule 결과 정합성 및 Restore 후 Final E2E PASS와 Runbook 확보 | Q19: 09-11 복구 절차·격리 대상 준비, 실제 Restore 및 후속 E2E는 09-21 오후 전용 창에서 수행한다. 실제 상태·완료 판정은 유지한다. 세부 배정: Fast Track Plan 시트. | R19: https://github.com/321Team/fds-project-baseline/issues/21 | S19: =IF(G19="Done","Done",IF(I19="",IF(F19="P1","Deferred P1","End TBD"),IF(I19<'Executive Summary'!$B$4,"Overdue",IF(H19>'Executive Summary'!$B$4,"Upcoming","Active window"))))
A20: P1-HA-01 | B20: Worker Drain Continuity | C20: Phase 1 | D20: HA / Resilience | E20: Task | F20: P0 | G20: To Do | H20: 46276 | I20: 46286 | J20: =IF(OR(H20="",I20=""),"",I20-H20+1) | K20: =IF(OR(H20="",I20=""),"",NETWORKDAYS(H20,I20,'Sources & Change Log'!$J$2:$J$5)-COUNTIFS('Team Calendar'!$A$5:$A$12,L20,'Team Calendar'!$C$5:$C$12,">="&H20,'Team Calendar'!$C$5:$C$12,"<="&I20,'Team Calendar'!$F$5:$F$12,"Personal absence")) | L20: 이재환 | M20: 이하영 | N20: D02; D03 | O20: RISK-03; RISK-05; RISK-07 | P20: FDS Replica 3개 Worker 분산, Worker Drain 중 승인된 서비스 지속 기준 충족, 복구·Uncordon 및 E2E Evidence 확보 | Q20: 09-11 Drain 케이스 준비, 3Worker 및 서비스 분산 확인 후 09-21 오전 전용 창에서 수행한다. 실제 상태·완료 판정은 유지한다. 세부 배정: Fast Track Plan 시트. | R20: https://github.com/321Team/fds-project-baseline/issues/22 | S20: =IF(G20="Done","Done",IF(I20="",IF(F20="P1","Deferred P1","End TBD"),IF(I20<'Executive Summary'!$B$4,"Overdue",IF(H20>'Executive Summary'!$B$4,"Upcoming","Active window"))))
A21: MS-G2-01 | B21: G2 Security / Feature Ready | C21: Phase 1 | D21: Milestone / Security & Feature | E21: Milestone | F21: P0 | G21: To Do | H21: 46286 | I21: 46286 | J21: =IF(OR(H21="",I21=""),"",I21-H21+1) | K21: =IF(OR(H21="",I21=""),"",NETWORKDAYS(H21,I21,'Sources & Change Log'!$J$2:$J$5)-COUNTIFS('Team Calendar'!$A$5:$A$12,L21,'Team Calendar'!$C$5:$C$12,">="&H21,'Team Calendar'!$C$5:$C$12,"<="&I21,'Team Calendar'!$F$5:$F$12,"Personal absence")) | L21: 이하영 | M21: 이권욱, 이재환 | N21: D17; D18; D19; D27 | O21: RISK-05; RISK-06; RISK-07; RISK-08; RISK-09 | P21: 2-Service MSA, DB 저장, Security P0, CI/CD, Monitoring, Initial E2E/Negative Test/Worker Drain 준비도를 승인 | Q21: 09-21 오후 종료 시점 목표. 앱/보안/CI/Monitoring·초기 E2E/Negative/Drain 준비도와 해당 증적이 선행한다. 실제 상태·완료 판정은 유지한다. 세부 배정: Fast Track Plan 시트. | R21: https://github.com/321Team/fds-project-baseline/issues/23 | S21: =IF(G21="Done","Done",IF(I21="",IF(F21="P1","Deferred P1","End TBD"),IF(I21<'Executive Summary'!$B$4,"Overdue",IF(H21>'Executive Summary'!$B$4,"Upcoming","Active window"))))
A22: P1-DOC-01 | B22: Architecture / Test / Runbook Freeze | C22: Phase 1 | D22: PMO / Documentation | E22: Task | F22: P0 | G22: To Do | H22: 46276 | I22: 46287 | J22: =IF(OR(H22="",I22=""),"",I22-H22+1) | K22: =IF(OR(H22="",I22=""),"",NETWORKDAYS(H22,I22,'Sources & Change Log'!$J$2:$J$5)-COUNTIFS('Team Calendar'!$A$5:$A$12,L22,'Team Calendar'!$C$5:$C$12,">="&H22,'Team Calendar'!$C$5:$C$12,"<="&I22,'Team Calendar'!$F$5:$F$12,"Personal absence")) | L22: 이권욱 | M22: 이하영, 이재환 | N22: D12; D20; D25 | O22: RISK-05; RISK-13 | P22: As-built Architecture, Test/Evidence Index, 구축·운영·복구 Runbook, P1 미완료 Known Issue의 풀네임 Owner·Due, Version/Source 및 Review 재현성 승인 | Q22: 구축 시 증적·Runbook을 병행 축적하고 09-22 오전 Final Evidence와 함께 동결한다. 실제 상태·완료 판정은 유지한다. 세부 배정: Fast Track Plan 시트. | R22: https://github.com/321Team/fds-project-baseline/issues/24 | S22: =IF(G22="Done","Done",IF(I22="",IF(F22="P1","Deferred P1","End TBD"),IF(I22<'Executive Summary'!$B$4,"Overdue",IF(H22>'Executive Summary'!$B$4,"Upcoming","Active window"))))
A23: P1-MON-02 | B23: Dashboard / Alert Enhancement | C23: Phase 1 | D23: Monitoring / Observability | E23: Task | F23: P1 | G23: To Do | J23: =IF(OR(H23="",I23=""),"",I23-H23+1) | K23: =IF(OR(H23="",I23=""),"",NETWORKDAYS(H23,I23,'Sources & Change Log'!$J$2:$J$5)-COUNTIFS('Team Calendar'!$A$5:$A$12,L23,'Team Calendar'!$C$5:$C$12,">="&H23,'Team Calendar'!$C$5:$C$12,"<="&I23,'Team Calendar'!$F$5:$F$12,"Personal absence")) | L23: 이재환 | M23: 이권욱, 이하영 | N23: D25; D33 | O23: RISK-05; RISK-07; RISK-09; RISK-14 | P23: Prometheus 2 Replica·Alertmanager 3 Replica, PDB/TopologySpread, Dashboard/Alert·장기보존 고도화와 장애·복구·P0 회귀 Evidence 및 Review | Q23: P0 마감 보호를 위해 신규 구현을 유예하는 권장안이다. 기존 Lead·Type·Priority·AC·To Do는 유지한다. 09-23은 Known Issue/Owner 인계 기한, 09-28은 차기 착수·납기 결정 기한이며 구현 완료일은 TBD다. Phase 2 공수를 자동 배정하지 않는다. 실제 상태·완료 판정은 유지한다. 세부 배정: Fast Track Plan 시트. | R23: https://github.com/321Team/fds-project-baseline/issues/25 | S23: =IF(G23="Done","Done",IF(I23="",IF(F23="P1","Deferred P1","End TBD"),IF(I23<'Executive Summary'!$B$4,"Overdue",IF(H23>'Executive Summary'!$B$4,"Upcoming","Active window"))))
A24: P1-DR-02 | B24: Harbor / etcd Backup and Restore | C24: Phase 1 | D24: DR / Platform Recovery | E24: Task | F24: P1 | G24: To Do | J24: =IF(OR(H24="",I24=""),"",I24-H24+1) | K24: =IF(OR(H24="",I24=""),"",NETWORKDAYS(H24,I24,'Sources & Change Log'!$J$2:$J$5)-COUNTIFS('Team Calendar'!$A$5:$A$12,L24,'Team Calendar'!$C$5:$C$12,">="&H24,'Team Calendar'!$C$5:$C$12,"<="&I24,'Team Calendar'!$F$5:$F$12,"Personal absence")) | L24: 이하영 | M24: 이권욱, 이재환 | N24: D04; D25 | O24: RISK-05; RISK-06; RISK-08; RISK-14 | P24: Harbor Backup/Restore와 etcd Snapshot/Restore를 격리 대상에서 수행하고 무결성·복구·Runbook Evidence 확보 | Q24: P0 마감 보호를 위해 신규 구현을 유예하는 권장안이다. 기존 Lead·Type·Priority·AC·To Do는 유지한다. 09-23은 Known Issue/Owner 인계 기한, 09-28은 차기 착수·납기 결정 기한이며 구현 완료일은 TBD다. Phase 2 공수를 자동 배정하지 않는다. 실제 상태·완료 판정은 유지한다. 세부 배정: Fast Track Plan 시트. | R24: https://github.com/321Team/fds-project-baseline/issues/26 | S24: =IF(G24="Done","Done",IF(I24="",IF(F24="P1","Deferred P1","End TBD"),IF(I24<'Executive Summary'!$B$4,"Overdue",IF(H24>'Executive Summary'!$B$4,"Upcoming","Active window"))))
A25: P1-HA-02 | B25: Platform Resilience P1 Validation | C25: Phase 1 | D25: HA / Platform Resilience | E25: Task | F25: P1 | G25: To Do | J25: =IF(OR(H25="",I25=""),"",I25-H25+1) | K25: =IF(OR(H25="",I25=""),"",NETWORKDAYS(H25,I25,'Sources & Change Log'!$J$2:$J$5)-COUNTIFS('Team Calendar'!$A$5:$A$12,L25,'Team Calendar'!$C$5:$C$12,">="&H25,'Team Calendar'!$C$5:$C$12,"<="&I25,'Team Calendar'!$F$5:$F$12,"Personal absence")) | L25: 이하영 | M25: 이권욱, 이재환 | N25: D02; D25 | O25: RISK-03; RISK-05; RISK-07; RISK-14 | P25: Rolling Update, Control Plane 1대 장애, PDB 및 TopologySpreadConstraint 검증 결과와 복구 Evidence 확보 | Q25: P0 마감 보호를 위해 신규 구현을 유예하는 권장안이다. 기존 Lead·Type·Priority·AC·To Do는 유지한다. 09-23은 Known Issue/Owner 인계 기한, 09-28은 차기 착수·납기 결정 기한이며 구현 완료일은 TBD다. Phase 2 공수를 자동 배정하지 않는다. 실제 상태·완료 판정은 유지한다. 세부 배정: Fast Track Plan 시트. | R25: https://github.com/321Team/fds-project-baseline/issues/27 | S25: =IF(G25="Done","Done",IF(I25="",IF(F25="P1","Deferred P1","End TBD"),IF(I25<'Executive Summary'!$B$4,"Overdue",IF(H25>'Executive Summary'!$B$4,"Upcoming","Active window"))))
A26: DEC-CAL-P1-01 | B26: Phase 1 Weekend Review Decision | C26: Phase 1 | D26: Schedule / Governance | E26: Decision | F26: P0 | G26: Done | H26: 46276 | I26: 46276 | J26: =IF(OR(H26="",I26=""),"",I26-H26+1) | K26: =IF(OR(H26="",I26=""),"",NETWORKDAYS(H26,I26,'Sources & Change Log'!$J$2:$J$5)-COUNTIFS('Team Calendar'!$A$5:$A$12,L26,'Team Calendar'!$C$5:$C$12,">="&H26,'Team Calendar'!$C$5:$C$12,"<="&I26,'Team Calendar'!$F$5:$F$12,"Personal absence")) | L26: 이권욱 | M26: 이하영, 이재환 | N26: D20 | O26: RISK-05; RISK-13 | P26: 09-20 일요일 Review 유지 또는 영업일 재배치, 참석자·승인권자·시간·대체일을 확정하고 WBS/Calendar 동기화 | Q26: 2026-09-22 오후 평일 Review로 확정. 발표자료 담당자별 상세 일정에 이권욱·이하영·이재환 Review 역할이 배정되어 있고 #29/#30/#31 일정도 09-22로 정렬됨. 사용자 확인을 일정 결정 승인 근거로 삼아 Done 처리한다. 실제 G3 PASS·Review 결과·Phase 1 Close 승인은 #29/#30/#31에서 별도 판정한다. 교육장 주말 작업 0 원칙 유지. | R26: https://github.com/321Team/fds-project-baseline/issues/28 | S26: =IF(G26="Done","Done",IF(I26="",IF(F26="P1","Deferred P1","End TBD"),IF(I26<'Executive Summary'!$B$4,"Overdue",IF(H26>'Executive Summary'!$B$4,"Upcoming","Active window"))))
A27: MS-G3-01 | B27: G3 Review Ready | C27: Phase 1 | D27: Milestone / Review Readiness | E27: Milestone | F27: P0 | G27: To Do | H27: 46287 | I27: 46287 | J27: =IF(OR(H27="",I27=""),"",I27-H27+1) | K27: =IF(OR(H27="",I27=""),"",NETWORKDAYS(H27,I27,'Sources & Change Log'!$J$2:$J$5)-COUNTIFS('Team Calendar'!$A$5:$A$12,L27,'Team Calendar'!$C$5:$C$12,">="&H27,'Team Calendar'!$C$5:$C$12,"<="&I27,'Team Calendar'!$F$5:$F$12,"Personal absence")) | L27: 이권욱 | M27: 이하영, 이재환 | N27: D20 | O27: RISK-05; RISK-09; RISK-13 | P27: Final E2E/Regression, Worker Drain, PostgreSQL Restore, Critical Issue 0, Architecture/Test/Runbook 준비도를 승인 | Q27: 09-22 오전 최종 회귀·Drain·Restore 증적·Critical Issue 0과 산출물 동결이 모두 충족될 때 인수한다. 실제 상태·완료 판정은 유지한다. 세부 배정: Fast Track Plan 시트. | R27: https://github.com/321Team/fds-project-baseline/issues/29 | S27: =IF(G27="Done","Done",IF(I27="",IF(F27="P1","Deferred P1","End TBD"),IF(I27<'Executive Summary'!$B$4,"Overdue",IF(H27>'Executive Summary'!$B$4,"Upcoming","Active window"))))
A28: P1-REV-01 | B28: Phase 1 Review / Close Execution | C28: Phase 1 | D28: PMO / Review | E28: Task | F28: P0 | G28: To Do | H28: 46287 | I28: 46288 | J28: =IF(OR(H28="",I28=""),"",I28-H28+1) | K28: =IF(OR(H28="",I28=""),"",NETWORKDAYS(H28,I28,'Sources & Change Log'!$J$2:$J$5)-COUNTIFS('Team Calendar'!$A$5:$A$12,L28,'Team Calendar'!$C$5:$C$12,">="&H28,'Team Calendar'!$C$5:$C$12,"<="&I28,'Team Calendar'!$F$5:$F$12,"Personal absence")) | L28: 이권욱 | M28: 이하영, 이재환 | N28: D12; D20 | O28: RISK-05; RISK-13 | P28: G3 결과, Demo, P0 Evidence, Known Issue, P1 이관, Review Action을 승인하고 Phase 1 Close Sign-off 확보 | Q28: 09-22 오후 Review, 09-23 오전 보완·재시험, 오후 Close를 권장한다. 실제 상태·완료 판정은 유지한다. 세부 배정: Fast Track Plan 시트. | R28: https://github.com/321Team/fds-project-baseline/issues/30 | S28: =IF(G28="Done","Done",IF(I28="",IF(F28="P1","Deferred P1","End TBD"),IF(I28<'Executive Summary'!$B$4,"Overdue",IF(H28>'Executive Summary'!$B$4,"Upcoming","Active window"))))
A29: MS-P1-REVIEW-01 | B29: Phase 1 Review | C29: Phase 1 | D29: Milestone / Review | E29: Milestone | F29: P0 | G29: To Do | H29: 46287 | I29: 46287 | J29: =IF(OR(H29="",I29=""),"",I29-H29+1) | K29: =IF(OR(H29="",I29=""),"",NETWORKDAYS(H29,I29,'Sources & Change Log'!$J$2:$J$5)-COUNTIFS('Team Calendar'!$A$5:$A$12,L29,'Team Calendar'!$C$5:$C$12,">="&H29,'Team Calendar'!$C$5:$C$12,"<="&I29,'Team Calendar'!$F$5:$F$12,"Personal absence")) | L29: 이권욱 | M29: 이하영, 이재환 | N29: D20 | O29: RISK-05; RISK-13 | P29: 승인된 일정에 Demo/산출물/G3/Known Issue Review를 수행하고 Action 및 승인결과를 기록 | Q29: 기존 09-20 일요일 대신 09-22 화요일 오후. G3 통과와 참석자 확정이 필요하다. 실제 상태·완료 판정은 유지한다. 세부 배정: Fast Track Plan 시트. | R29: https://github.com/321Team/fds-project-baseline/issues/31 | S29: =IF(G29="Done","Done",IF(I29="",IF(F29="P1","Deferred P1","End TBD"),IF(I29<'Executive Summary'!$B$4,"Overdue",IF(H29>'Executive Summary'!$B$4,"Upcoming","Active window"))))
A30: MS-P1-CLOSE-01 | B30: Phase 1 Close | C30: Phase 1 | D30: Milestone / Close | E30: Milestone | F30: P0 | G30: To Do | H30: 46288 | I30: 46288 | J30: =IF(OR(H30="",I30=""),"",I30-H30+1) | K30: =IF(OR(H30="",I30=""),"",NETWORKDAYS(H30,I30,'Sources & Change Log'!$J$2:$J$5)-COUNTIFS('Team Calendar'!$A$5:$A$12,L30,'Team Calendar'!$C$5:$C$12,">="&H30,'Team Calendar'!$C$5:$C$12,"<="&I30,'Team Calendar'!$F$5:$F$12,"Personal absence")) | L30: 이권욱 | M30: 이하영, 이재환 | N30: D20 | O30: RISK-05; RISK-13 | P30: Review Action 처리, P0 승인, P1/Known Issue Owner·Due 이관 및 Phase 1 Close Sign-off 확보 | Q30: 09-24~09-25 비근무 전에 종결한다. | R30: https://github.com/321Team/fds-project-baseline/issues/32 | S30: =IF(G30="Done","Done",IF(I30="","End TBD",IF(I30<'Executive Summary'!$B$4,"Overdue",IF(H30>'Executive Summary'!$B$4,"Upcoming","Active window"))))
A31: MS-P2-START-01 | B31: Phase 2 Start | C31: Phase 2 | D31: Milestone / Start | E31: Milestone | F31: P0 | G31: To Do | H31: 46301 | I31: 46301 | J31: =IF(OR(H31="",I31=""),"",I31-H31+1) | K31: =IF(OR(H31="",I31=""),"",NETWORKDAYS(H31,I31,'Sources & Change Log'!$J$2:$J$5)-COUNTIFS('Team Calendar'!$A$5:$A$12,L31,'Team Calendar'!$C$5:$C$12,">="&H31,'Team Calendar'!$C$5:$C$12,"<="&I31,'Team Calendar'!$F$5:$F$12,"Personal absence")) | L31: 이권욱 | M31: 이하영, 이재환 | N31: D10; D21 | O31: RISK-05; RISK-10; RISK-11 | P31: Phase 1 Close, Phase 2 계정·권한·일정·P0 범위·OCI Go/No-Go 계획을 확인하고 착수 승인 | Q31: 09-24~09-25 비근무 후 첫 작업일에 착수한다. | R31: https://github.com/321Team/fds-project-baseline/issues/33 | S31: =IF(G31="Done","Done",IF(I31="","End TBD",IF(I31<'Executive Summary'!$B$4,"Overdue",IF(H31>'Executive Summary'!$B$4,"Upcoming","Active window"))))
A32: P2-ARC-01 | B32: Hybrid / OCI / AWS / ROSA Architecture Freeze | C32: Phase 2 | D32: Architecture / Hybrid Cloud | E32: Task | F32: P0 | G32: To Do | H32: 46301 | I32: 46301 | J32: =IF(OR(H32="",I32=""),"",I32-H32+1) | K32: =IF(OR(H32="",I32=""),"",NETWORKDAYS(H32,I32,'Sources & Change Log'!$J$2:$J$5)-COUNTIFS('Team Calendar'!$A$5:$A$12,L32,'Team Calendar'!$C$5:$C$12,">="&H32,'Team Calendar'!$C$5:$C$12,"<="&I32,'Team Calendar'!$F$5:$F$12,"Personal absence")) | L32: 이권욱 | M32: 이하영, 이재환 | N32: D10; D21; D22; D23; D25; D26 | O32: RISK-10; RISK-11; RISK-12; RISK-14; RISK-15 | P32: OCI Relay·AWS VPC/VPN·ROSA·On-Prem 연계 Architecture, Interface IF-17~IF-20, Security, Decision, Exit Criteria Freeze 승인 | Q32: MS-P2-START-01 직후 완료하며 Phase 2 모든 구현 티켓이 참조하는 Phase 2 OCI/AWS/ROSA Design의 권위 Source를 생성한다. | R32: https://github.com/321Team/fds-project-baseline/issues/34 | S32: =IF(G32="Done","Done",IF(I32="","End TBD",IF(I32<'Executive Summary'!$B$4,"Overdue",IF(H32>'Executive Summary'!$B$4,"Upcoming","Active window"))))
A33: P2-IAC-01 | B33: AWS / ROSA Terraform IaC | C33: Phase 2 | D33: Cloud / Terraform | E33: Task | F33: P0 | G33: To Do | H33: 46301 | I33: 46308 | J33: =IF(OR(H33="",I33=""),"",I33-H33+1) | K33: =IF(OR(H33="",I33=""),"",NETWORKDAYS(H33,I33,'Sources & Change Log'!$J$2:$J$5)-COUNTIFS('Team Calendar'!$A$5:$A$12,L33,'Team Calendar'!$C$5:$C$12,">="&H33,'Team Calendar'!$C$5:$C$12,"<="&I33,'Team Calendar'!$F$5:$F$12,"Personal absence")) | L33: 이권욱 | M33: 이하영 | N33: D10; D21; D25 | O33: RISK-10; RISK-11; RISK-12 | P33: AWS VPC 10.20.0.0/16, ROSA 선행 인프라와 IAM/OIDC 최소권한의 Terraform fmt/validate/plan/apply, State·Secret 통제 및 G4 Evidence 확보 | Q33: 10-05는 비근무일이다. OCI Go/No-Go 결과에 따라 VPN 입력과 경로를 갱신한다. | R33: https://github.com/321Team/fds-project-baseline/issues/35 | S33: =IF(G33="Done","Done",IF(I33="","End TBD",IF(I33<'Executive Summary'!$B$4,"Overdue",IF(H33>'Executive Summary'!$B$4,"Upcoming","Active window"))))
A34: P2-OCI-01 | B34: OCI Relay Go / No-Go | C34: Phase 2 | D34: Milestone / Hybrid Network | E34: Decision | F34: P0 | G34: To Do | H34: 46301 | I34: 46304 | J34: =IF(OR(H34="",I34=""),"",I34-H34+1) | K34: =IF(OR(H34="",I34=""),"",NETWORKDAYS(H34,I34,'Sources & Change Log'!$J$2:$J$5)-COUNTIFS('Team Calendar'!$A$5:$A$12,L34,'Team Calendar'!$C$5:$C$12,">="&H34,'Team Calendar'!$C$5:$C$12,"<="&I34,'Team Calendar'!$F$5:$F$12,"Personal absence")) | L34: 이권욱 | M34: 이하영 | N34: D10; D21 | O34: RISK-10; RISK-12 | P34: OCI Relay 가능성·권한·Public Endpoint·IPsec/NAT-T·Route를 검증하고 Primary 또는 승인 Fallback 경로를 선택 | Q34: 10-02 Go/No-Go를 넘기지 않는다. No-Go 시 Vendor Endpoint→AWS EC2+EIP Relay→Overlay 순으로 승인된 Fallback을 선택한다. | R34: https://github.com/321Team/fds-project-baseline/issues/36 | S34: =IF(G34="Done","Done",IF(I34="","End TBD",IF(I34<'Executive Summary'!$B$4,"Overdue",IF(H34>'Executive Summary'!$B$4,"Upcoming","Active window"))))
A35: P2-VPN-01 | B35: OCI Relay / AWS Site-to-Site VPN | C35: Phase 2 | D35: Hybrid Network / VPN | E35: Task | F35: P0 | G35: To Do | H35: 46303 | I35: 46308 | J35: =IF(OR(H35="",I35=""),"",I35-H35+1) | K35: =IF(OR(H35="",I35=""),"",NETWORKDAYS(H35,I35,'Sources & Change Log'!$J$2:$J$5)-COUNTIFS('Team Calendar'!$A$5:$A$12,L35,'Team Calendar'!$C$5:$C$12,">="&H35,'Team Calendar'!$C$5:$C$12,"<="&I35,'Team Calendar'!$F$5:$F$12,"Personal absence")) | L35: 이권욱 | M35: 이하영 | N35: D10; D21 | O35: RISK-04; RISK-10; RISK-12 | P35: 승인 Transit 경로의 Tunnel UP, On-Prem↔VPC Route, UDP 500/4500/IPsec, Source·승인 TCP Path 및 장애 Evidence 확보 | Q35: 10-05는 비근무일이다. OCI No-Go 시 D21에서 승인된 Fallback만 사용한다. | R35: https://github.com/321Team/fds-project-baseline/issues/37 | S35: =IF(G35="Done","Done",IF(I35="","End TBD",IF(I35<'Executive Summary'!$B$4,"Overdue",IF(H35>'Executive Summary'!$B$4,"Upcoming","Active window"))))
A36: P2-ROSA-01 | B36: ROSA Platform / Security | C36: Phase 2 | D36: OpenShift / ROSA | E36: Task | F36: P0 | G36: To Do | H36: 46306 | I36: 46313 | J36: =IF(OR(H36="",I36=""),"",I36-H36+1) | K36: =IF(OR(H36="",I36=""),"",NETWORKDAYS(H36,I36,'Sources & Change Log'!$J$2:$J$5)-COUNTIFS('Team Calendar'!$A$5:$A$12,L36,'Team Calendar'!$C$5:$C$12,">="&H36,'Team Calendar'!$C$5:$C$12,"<="&I36,'Team Calendar'!$F$5:$F$12,"Personal absence")) | L36: 이하영 | M36: 이권욱 | N36: D10; D12; D17; D21 | O36: RISK-07; RISK-10; RISK-11; RISK-12 | P36: ROSA Cluster Ready, Namespace/RBAC/NetworkPolicy/SecurityContext, Hybrid Route 및 Application 배포 선행조건과 G5 Evidence 확보 | Q36: 10-09는 비근무일이다. 계정·Quota·리전 전제는 G4 이전에 확인하고 Cluster 범위를 최소화한다. | R36: https://github.com/321Team/fds-project-baseline/issues/38 | S36: =IF(G36="Done","Done",IF(I36="","End TBD",IF(I36<'Executive Summary'!$B$4,"Overdue",IF(H36>'Executive Summary'!$B$4,"Upcoming","Active window"))))
A37: MS-G4-01 | B37: G4 Cloud / VPN Ready | C37: Phase 2 | D37: Milestone / Cloud & VPN | E37: Milestone | F37: P0 | G37: To Do | H37: 46308 | I37: 46308 | J37: =IF(OR(H37="",I37=""),"",I37-H37+1) | K37: =IF(OR(H37="",I37=""),"",NETWORKDAYS(H37,I37,'Sources & Change Log'!$J$2:$J$5)-COUNTIFS('Team Calendar'!$A$5:$A$12,L37,'Team Calendar'!$C$5:$C$12,">="&H37,'Team Calendar'!$C$5:$C$12,"<="&I37,'Team Calendar'!$F$5:$F$12,"Personal absence")) | L37: 이권욱 | M37: 이하영 | N37: D21 | O37: RISK-10; RISK-11; RISK-12 | P37: Terraform 인프라, 승인 Transit/VPN, Route/Security, ROSA 선행조건 및 승인 TCP 경로 준비도 승인 | Q37: 10-05 비근무를 반영한다. OCI No-Go 시 승인 Fallback 기준으로 판정한다. | R37: https://github.com/321Team/fds-project-baseline/issues/39 | S37: =IF(G37="Done","Done",IF(I37="","End TBD",IF(I37<'Executive Summary'!$B$4,"Overdue",IF(H37>'Executive Summary'!$B$4,"Upcoming","Active window"))))
A38: DEC-P2-DNS-01 | B38: Hybrid DNS Scope Decision | C38: Phase 2 | D38: Architecture / DNS | E38: Decision | F38: P1 | G38: To Do | H38: 46307 | I38: 46311 | J38: =IF(OR(H38="",I38=""),"",I38-H38+1) | K38: =IF(OR(H38="",I38=""),"",NETWORKDAYS(H38,I38,'Sources & Change Log'!$J$2:$J$5)-COUNTIFS('Team Calendar'!$A$5:$A$12,L38,'Team Calendar'!$C$5:$C$12,">="&H38,'Team Calendar'!$C$5:$C$12,"<="&I38,'Team Calendar'!$F$5:$F$12,"Personal absence")) | L38: 이권욱 | M38: 이하영 | N38: D11; D23 | O38: RISK-10; RISK-12 | P38: P0 IP Endpoint 유지 또는 Hybrid DNS P1 적용을 확정하고 Resolver/Forwarding/Zone/Route/테스트·Cancelled 결정 근거를 승인 | Q38: Hybrid P0 E2E는 IP Endpoint를 허용하므로 본 P1 결정 미완료가 G5/G6를 자동 차단하지 않는다. | R38: https://github.com/321Team/fds-project-baseline/issues/40 | S38: =IF(G38="Done","Done",IF(I38="","End TBD",IF(I38<'Executive Summary'!$B$4,"Overdue",IF(H38>'Executive Summary'!$B$4,"Upcoming","Active window"))))
A39: DEC-P2-OP-01 | B39: Operator Supply Chain Scope Decision | C39: Phase 2 | D39: Architecture / Operator Supply Chain | E39: Decision | F39: P1 | G39: To Do | H39: 46307 | I39: 46311 | J39: =IF(OR(H39="",I39=""),"",I39-H39+1) | K39: =IF(OR(H39="",I39=""),"",NETWORKDAYS(H39,I39,'Sources & Change Log'!$J$2:$J$5)-COUNTIFS('Team Calendar'!$A$5:$A$12,L39,'Team Calendar'!$C$5:$C$12,">="&H39,'Team Calendar'!$C$5:$C$12,"<="&I39,'Team Calendar'!$F$5:$F$12,"Personal absence")) | L39: 이하영 | M39: 이권욱, 이재환 | N39: D22; D26 | O39: RISK-06; RISK-11; RISK-15 | P39: ROSA Operator 공급망을 Direct Catalog 또는 oc-mirror/Harbor/Custom CatalogSource 중 하나로 결정하고 구현·N/A 기준 승인 | Q39: D26에서 Direct Catalog 선택 시 P2-OP-01은 Cancelled 처리하고, Mirror 선택 시 P2-OP-01을 활성화한다. | R39: https://github.com/321Team/fds-project-baseline/issues/41 | S39: =IF(G39="Done","Done",IF(I39="","End TBD",IF(I39<'Executive Summary'!$B$4,"Overdue",IF(H39>'Executive Summary'!$B$4,"Upcoming","Active window"))))
A40: DEC-P2-REG-01 | B40: ROSA Image Registry Source Decision | C40: Phase 2 | D40: Architecture / Registry | E40: Decision | F40: P0 | G40: To Do | H40: 46307 | I40: 46311 | J40: =IF(OR(H40="",I40=""),"",I40-H40+1) | K40: =IF(OR(H40="",I40=""),"",NETWORKDAYS(H40,I40,'Sources & Change Log'!$J$2:$J$5)-COUNTIFS('Team Calendar'!$A$5:$A$12,L40,'Team Calendar'!$C$5:$C$12,">="&H40,'Team Calendar'!$C$5:$C$12,"<="&I40,'Team Calendar'!$F$5:$F$12,"Personal absence")) | L40: 이하영 | M40: 이권욱, 이재환 | N40: D22 | O40: RISK-06; RISK-10; RISK-11; RISK-12 | P40: ROSA Image Source를 On-Prem Harbor 또는 승인 Cloud Registry로 확정하고 Route·TLS·Credential·비용·Fallback을 승인 | Q40: 기준선의 ROSA→Harbor는 Optional이다. P2-APP-01 최종 Image 경로 전 10-16까지 확정한다. | R40: https://github.com/321Team/fds-project-baseline/issues/42 | S40: =IF(G40="Done","Done",IF(I40="","End TBD",IF(I40<'Executive Summary'!$B$4,"Overdue",IF(H40>'Executive Summary'!$B$4,"Upcoming","Active window"))))
A41: P2-APP-01 | B41: ROSA Application Deployment | C41: Phase 2 | D41: Application / OpenShift | E41: Task | F41: P0 | G41: To Do | H41: 46310 | I41: 46313 | J41: =IF(OR(H41="",I41=""),"",I41-H41+1) | K41: =IF(OR(H41="",I41=""),"",NETWORKDAYS(H41,I41,'Sources & Change Log'!$J$2:$J$5)-COUNTIFS('Team Calendar'!$A$5:$A$12,L41,'Team Calendar'!$C$5:$C$12,">="&H41,'Team Calendar'!$C$5:$C$12,"<="&I41,'Team Calendar'!$F$5:$F$12,"Personal absence")) | L41: 이재환 | M41: 이하영 | N41: D03; D22 | O41: RISK-06; RISK-07; RISK-11 | P41: Phase 1과 동일한 transaction-api/fds-engine Image/Contract를 ROSA에 배포하고 Route/Health/Rule 기본검증 PASS | Q41: Image Source는 D22 결정에 따르며 Harbor 사용을 사전 가정하지 않는다. Manifest/Image 계약은 P2-CICD-01의 Runner 기반 ROSA Delivery에 연결한다. | R41: https://github.com/321Team/fds-project-baseline/issues/43 | S41: =IF(G41="Done","Done",IF(I41="","End TBD",IF(I41<'Executive Summary'!$B$4,"Overdue",IF(H41>'Executive Summary'!$B$4,"Upcoming","Active window"))))
... A49: P2-OP-01 | B49: Operator Supply Chain Implementation Conditional | C49: Phase 2 | D49: Operator Supply Chain | E49: Task | F49: P1 | G49: To Do | H49: 46315 | I49: 46316 | J49: =IF(OR(H49="",I49=""),"",I49-H49+1) | K49: =IF(OR(H49="",I49=""),"",NETWORKDAYS(H49,I49,'Sources & Change Log'!$J$2:$J$5)-COUNTIFS('Team Calendar'!$A$5:$A$12,L49,'Team Calendar'!$C$5:$C$12,">="&H49,'Team Calendar'!$C$5:$C$12,"<="&I49,'Team Calendar'!$F$5:$F$12,"Personal absence")) | L49: 이하영 | M49: 이권욱, 이재환 | N49: D22; D26 | O49: RISK-06; RISK-11; RISK-15 | P49: D26이 Mirror를 선택한 경우 oc-mirror ImageSet·Harbor Push·Custom CatalogSource·Package 조회 PASS; Direct Catalog 선택 시 Cancelled 결정 근거 승인 | Q49: DEC-P2-OP-01 / D26에서 Direct Catalog를 선택하면 Status=Cancelled와 결정 근거를 기록한다. Mirror 선택 시 구현을 진행한다. | R49: https://github.com/321Team/fds-project-baseline/issues/51 | S49: =IF(G49="Done","Done",IF(I49="","End TBD",IF(I49<'Executive Summary'!$B$4,"Overdue",IF(H49>'Executive Summary'!$B$4,"Upcoming","Active window"))))
A50: DEC-CAL-P2-01 | B50: Phase 2 Weekend Review Decision | C50: Phase 2 | D50: Schedule / Governance | E50: Decision | F50: P0 | G50: To Do | H50: 46317 | I50: 46317 | J50: =IF(OR(H50="",I50=""),"",I50-H50+1) | K50: =IF(OR(H50="",I50=""),"",NETWORKDAYS(H50,I50,'Sources & Change Log'!$J$2:$J$5)-COUNTIFS('Team Calendar'!$A$5:$A$12,L50,'Team Calendar'!$C$5:$C$12,">="&H50,'Team Calendar'!$C$5:$C$12,"<="&I50,'Team Calendar'!$F$5:$F$12,"Personal absence")) | L50: 이권욱 | M50: 이하영, 이재환 | N50: D24 | O50: RISK-05; RISK-13 | P50: 10-24 토요일 Review 유지 또는 영업일 재배치, 참석자·승인권자·시간·Project Close 영향도를 확정하고 WBS 동기화 | Q50: 교육장 주말 작업 불가를 반영해 10-22까지 평일 10-23 오후 Review의 참석자·시간을 확정한다. 상태는 To Do다. 실제 상태·완료 판정은 유지한다. 세부 배정: Fast Track Plan 시트. | R50: https://github.com/321Team/fds-project-baseline/issues/52 | S50: =IF(G50="Done","Done",IF(I50="",IF(F50="P1","Deferred P1","End TBD"),IF(I50<'Executive Summary'!$B$4,"Overdue",IF(H50>'Executive Summary'!$B$4,"Upcoming","Active window"))))
A51: MS-G6-01 | B51: G6 Hybrid Integration Ready | C51: Phase 2 | D51: Milestone / Hybrid Integration | E51: Milestone | F51: P0 | G51: To Do | H51: 46317 | I51: 46317 | J51: =IF(OR(H51="",I51=""),"",I51-H51+1) | K51: =IF(OR(H51="",I51=""),"",NETWORKDAYS(H51,I51,'Sources & Change Log'!$J$2:$J$5)-COUNTIFS('Team Calendar'!$A$5:$A$12,L51,'Team Calendar'!$C$5:$C$12,">="&H51,'Team Calendar'!$C$5:$C$12,"<="&I51,'Team Calendar'!$F$5:$F$12,"Personal absence")) | L51: 이권욱 | M51: 이하영, 이재환 | N51: D21; D22; D23; D26 | O51: RISK-09; RISK-10; RISK-11; RISK-12 | P51: Hybrid DB/Registry Integration, OADP 복구검증, Hybrid E2E/Regression, Critical Issue 0을 승인 | Q51: Hybrid DNS와 Operator 공급망은 D23/D26 결과에 따라 구현 또는 Cancelled 처리한다. 같은 날 DEC-CAL-P2-01 검토를 시작해 Review 일정을 10-23까지 확정한다. | R51: https://github.com/321Team/fds-project-baseline/issues/53 | S51: =IF(G51="Done","Done",IF(I51="","End TBD",IF(I51<'Executive Summary'!$B$4,"Overdue",IF(H51>'Executive Summary'!$B$4,"Upcoming","Active window"))))
A52: MS-DELIVERABLE-FREEZE-01 | B52: Deliverable Freeze | C52: Phase 2 | D52: Milestone / Deliverable | E52: Milestone | F52: P0 | G52: To Do | H52: 46318 | I52: 46318 | J52: =IF(OR(H52="",I52=""),"",I52-H52+1) | K52: =IF(OR(H52="",I52=""),"",NETWORKDAYS(H52,I52,'Sources & Change Log'!$J$2:$J$5)-COUNTIFS('Team Calendar'!$A$5:$A$12,L52,'Team Calendar'!$C$5:$C$12,">="&H52,'Team Calendar'!$C$5:$C$12,"<="&I52,'Team Calendar'!$F$5:$F$12,"Personal absence")) | L52: 이권욱 | M52: 이하영, 이재환 | N52: D12; D21; D22; D23; D24 | O52: RISK-10; RISK-11; RISK-12; RISK-13 | P52: Architecture/IaC/Test/Runbook/Evidence/Decision/Known Issue의 최종 Version과 변경금지를 승인 | Q52: Freeze 이후 변경은 Review Action 또는 Change Request로만 허용한다. | R52: https://github.com/321Team/fds-project-baseline/issues/54 | S52: =IF(G52="Done","Done",IF(I52="","End TBD",IF(I52<'Executive Summary'!$B$4,"Overdue",IF(H52>'Executive Summary'!$B$4,"Upcoming","Active window"))))
A53: P2-REV-01 | B53: Phase 2 Review / Project Close Execution | C53: Phase 2 | D53: PMO / Review | E53: Task | F53: P0 | G53: To Do | H53: 46318 | I53: 46321 | J53: =IF(OR(H53="",I53=""),"",I53-H53+1) | K53: =IF(OR(H53="",I53=""),"",NETWORKDAYS(H53,I53,'Sources & Change Log'!$J$2:$J$5)-COUNTIFS('Team Calendar'!$A$5:$A$12,L53,'Team Calendar'!$C$5:$C$12,">="&H53,'Team Calendar'!$C$5:$C$12,"<="&I53,'Team Calendar'!$F$5:$F$12,"Personal absence")) | L53: 이권욱 | M53: 이하영, 이재환 | N53: D12; D21; D22; D23; D24 | O53: RISK-10; RISK-11; RISK-12; RISK-13 | P53: G6/Deliverable Freeze, Hybrid Demo, P0 Evidence, Decision/Known Issue, 비용·자원 정리 및 Project Close Sign-off 확보 | Q53: Review 실행일은 D24 결과를 따른다. 최종 Close 목표는 10-26이다. | R53: https://github.com/321Team/fds-project-baseline/issues/55 | S53: =IF(G53="Done","Done",IF(I53="","End TBD",IF(I53<'Executive Summary'!$B$4,"Overdue",IF(H53>'Executive Summary'!$B$4,"Upcoming","Active window"))))
A54: MS-P2-REVIEW-01 | B54: Phase 2 Review | C54: Phase 2 | D54: Milestone / Review | E54: Milestone | F54: P0 | G54: To Do | H54: 46318 | I54: 46318 | J54: =IF(OR(H54="",I54=""),"",I54-H54+1) | K54: =IF(OR(H54="",I54=""),"",NETWORKDAYS(H54,I54,'Sources & Change Log'!$J$2:$J$5)-COUNTIFS('Team Calendar'!$A$5:$A$12,L54,'Team Calendar'!$C$5:$C$12,">="&H54,'Team Calendar'!$C$5:$C$12,"<="&I54,'Team Calendar'!$F$5:$F$12,"Personal absence")) | L54: 이권욱 | M54: 이하영, 이재환 | N54: D24 | O54: RISK-05; RISK-13 | P54: 승인된 일정에 Hybrid Demo/산출물/G6/Known Issue/Cloud Resource Review를 수행하고 Action·승인결과를 기록 | Q54: 교육장 주말 작업 불가로 기존 10-24 토요일 대신 10-23 금요일 오후를 권장한다. G6/Deliverable Freeze 후 진행하고 참석자는 별도 확정한다. 실제 상태·완료 판정은 유지한다. 세부 배정: Fast Track Plan 시트. | R54: https://github.com/321Team/fds-project-baseline/issues/56 | S54: =IF(G54="Done","Done",IF(I54="",IF(F54="P1","Deferred P1","End TBD"),IF(I54<'Executive Summary'!$B$4,"Overdue",IF(H54>'Executive Summary'!$B$4,"Upcoming","Active window"))))
A55: MS-PROJECT-CLOSE-01 | B55: Project Close | C55: Phase 2 | D55: Milestone / Close | E55: Milestone | F55: P0 | G55: To Do | H55: 46321 | I55: 46321 | J55: =IF(OR(H55="",I55=""),"",I55-H55+1) | K55: =IF(OR(H55="",I55=""),"",NETWORKDAYS(H55,I55,'Sources & Change Log'!$J$2:$J$5)-COUNTIFS('Team Calendar'!$A$5:$A$12,L55,'Team Calendar'!$C$5:$C$12,">="&H55,'Team Calendar'!$C$5:$C$12,"<="&I55,'Team Calendar'!$F$5:$F$12,"Personal absence")) | L55: 이권욱 | M55: 이하영, 이재환 | N55: D24 | O55: RISK-05; RISK-11; RISK-13 | P55: Review Action, P0 승인, 후속 P1/Known Issue, Cloud Resource/Cost, Source/Deliverable 인계 및 Project Close Sign-off 확보 | Q55: D24가 Review를 10-26 이후로 이동시키면 Project Close도 Change Request 대상이다. | R55: https://github.com/321Team/fds-project-baseline/issues/57 | S55: =IF(G55="Done","Done",IF(I55="","End TBD",IF(I55<'Executive Summary'!$B$4,"Overdue",IF(H55>'Executive Summary'!$B$4,"Upcoming","Active window"))))
A56: DEC-P1-FDS-01 | B56: 거래 보류 도입 범위·판정·평가 실패·Gate 편입 결정 | C56: Phase 1 | D56: Application / Governance | E56: Decision | F56: P0 | G56: Done | H56: 46273 | I56: 46274 | J56: =IF(OR(H56="",I56=""),"",I56-H56+1) | K56: =IF(OR(H56="",I56=""),"",NETWORKDAYS(H56,I56,'Sources & Change Log'!$J$2:$J$5)-COUNTIFS('Team Calendar'!$A$5:$A$12,L56,'Team Calendar'!$C$5:$C$12,">="&H56,'Team Calendar'!$C$5:$C$12,"<="&I56,'Team Calendar'!$F$5:$F$12,"Personal absence")) | L56: 이재환 | M56: 이하영, 이권욱 | N56: D03; D12; D17; D28; D34; D36; D37 | O56: 현행 정의 연결 대기. v1.0 인용: RISK-05; RISK-07; RISK-09 — 본 종결의 위험 승인 근거로 사용하지 않음 | P56: 현행 탐지·기록 유지, 신규 보류·운영 기능 미도입, 실패 정책·계약 소유권, G2 영향 없음 및 후속 검증·재검토 조건 기록 | Q56: 현행 유지·신규 기능 확대 유예 결정 Done. v18 편입 이력을 유지한다. 현재 발행 정본은 v3.1.18이며 본 자료는 v19 후보이다. 신규 기능 G2 편입·Runtime 승인은 아니다. | R56: https://github.com/321Team/fds-project-baseline/issues/4 | S56: =IF(G56="Done","Done",IF(I56="","End TBD",IF(I56<'Executive Summary'!$B$4,"Overdue",IF(H56>'Executive Summary'!$B$4,"Upcoming","Active window"))))
A57: DEC-P1-TXN-01 | B57: 거래 상태·API 응답·재시도·데이터 정합성 계약 결정 | C57: Phase 1 | D57: Application / Data / Interface | E57: Decision | F57: P0 | G57: Done | H57: 46273 | I57: 46274 | J57: =IF(OR(H57="",I57=""),"",I57-H57+1) | K57: =IF(OR(H57="",I57=""),"",NETWORKDAYS(H57,I57,'Sources & Change Log'!$J$2:$J$5)-COUNTIFS('Team Calendar'!$A$5:$A$12,L57,'Team Calendar'!$C$5:$C$12,">="&H57,'Team Calendar'!$C$5:$C$12,"<="&I57,'Team Calendar'!$F$5:$F$12,"Personal absence")) | L57: 이재환 | M57: 이하영, 이권욱 | N57: D03; D04; D18; D28; D34; D35; DEC-P1-FDS-01 | O57: 현행 정의 연결 대기. v1.0 인용: RISK-05; RISK-07; RISK-09 — 본 종결의 위험 승인 근거로 사용하지 않음 | P57: 기존 계약 유지 선택, 신규 상태/API·Migration 변경 유예, #4/#6과 정책·표현 소유권 및 기존 구현 정합성 후속 기록 | Q57: 현행 유지·신규 기능 확대 유예 결정 Done. v18 편입 이력을 유지한다. 현재 발행 정본은 v3.1.18이며 본 자료는 v19 후보이다. 신규 기능 G2 편입·Runtime 승인은 아니다. | R57: https://github.com/321Team/fds-project-baseline/issues/5 | S57: =IF(G57="Done","Done",IF(I57="","End TBD",IF(I57<'Executive Summary'!$B$4,"Overdue",IF(H57>'Executive Summary'!$B$4,"Upcoming","Active window"))))
A58: DEC-P1-ADMIN-01 | B58: 보안 시연 범위·테스트 전제·조건부 운영 통제 결정 | C58: Phase 1 | D58: Application Security / Demonstration / Governance | E58: Decision | F58: P0 | G58: Done | H58: 46273 | I58: 46274 | J58: =IF(OR(H58="",I58=""),"",I58-H58+1) | K58: =IF(OR(H58="",I58=""),"",NETWORKDAYS(H58,I58,'Sources & Change Log'!$J$2:$J$5)-COUNTIFS('Team Calendar'!$A$5:$A$12,L58,'Team Calendar'!$C$5:$C$12,">="&H58,'Team Calendar'!$C$5:$C$12,"<="&I58,'Team Calendar'!$F$5:$F$12,"Personal absence")) | L58: 이하영 | M58: 이권욱, 이재환 | N58: D03; D12; D17; D18; D19; D28; D33; D34; D35; DEC-P1-FDS-01; DEC-P1-TXN-01; OID-01 | O58: 현행 정의 연결 대기. v1.0 인용: RISK-05; RISK-06; RISK-07; RISK-08; RISK-09 — 본 종결의 위험 승인 근거로 사용하지 않음 | P58: 프론트엔드 배치 제외, 합성 데이터·최소 노출 원칙, 5개 검토 축 적용/유예, 기존 접근 통제 재사용 및 후속 시나리오 인계 기록 | Q58: 현행 유지·신규 기능 확대 유예 결정 Done. v18 편입 이력을 유지한다. 현재 발행 정본은 v3.1.18이며 본 자료는 v19 후보이다. 신규 기능 G2 편입·Runtime 승인은 아니다. | R58: https://github.com/321Team/fds-project-baseline/issues/6 | S58: =IF(G58="Done","Done",IF(I58="","End TBD",IF(I58<'Executive Summary'!$B$4,"Overdue",IF(H58>'Executive Summary'!$B$4,"Upcoming","Active window"))))
A59: CR-P1-MON-01-01 | B59: Alertmanager Egress 프록시 서버 구성 | C59: Phase 1 | D59: Monitoring / Alerting Egress Change Control | E59: Change Request | F59: P1 | G59: In Progress | H59: 46276 | I59: 46301 | J59: =IF(OR(H59="",I59=""),"",I59-H59+1) | K59: =IF(OR(H59="",I59=""),"",NETWORKDAYS(H59,I59,'Sources & Change Log'!$J$2:$J$5)-COUNTIFS('Team Calendar'!$A$5:$A$12,L59,'Team Calendar'!$C$5:$C$12,">="&H59,'Team Calendar'!$C$5:$C$12,"<="&I59,'Team Calendar'!$F$5:$F$12,"Personal absence")) | L59: 이하영 | M59: 이재환 | N59: D17; D33; D34; D35 — 현행 영향 기준. 신규 CR 승인·신규 D-ID/Interface ID는 미확정 | O59: RISK-04; RISK-07 | P59: discord.com 아웃바운드 확인, 프록시 전용 VM 확정, Squid/Nginx 구성 및 discord.com allowlist 적용, 고정 IP·포트를 [Issue B(#75)](https://github.com/321Team/fds-project-baseline/issues/75)에 전달 | Q59: Lead 이하영·Support 이재환, Start 2026-09-11·End TBD. 프록시 배치와 고정 scheme/host/IP/port를 확정하여 #75에 인계한다. 종료일은 후속 계획에서 확정한다. 교육장 주말 작업은 배정하지 않는다. G2는 추적용 분류이며 기존 P0/G2 Acceptance에 필수 조건을 자동 추가하지 않는다. | R59: https://github.com/321Team/fds-project-baseline/issues/74 | S59: =IF(G59="Done","Done",IF(I59="","End TBD",IF(I59<'Executive Summary'!$B$4,"Overdue",IF(H59>'Executive Summary'!$B$4,"Upcoming","Active window"))))
A60: CR-P1-MON-01-02 | B60: Alertmanager Egress Kubernetes 보안 설정 (NetworkPolicy) | C60: Phase 1 | D60: Monitoring / Alerting Egress Change Control | E60: Change Request | F60: P1 | G60: In Progress | H60: 46276 | I60: 46301 | J60: =IF(OR(H60="",I60=""),"",I60-H60+1) | K60: =IF(OR(H60="",I60=""),"",NETWORKDAYS(H60,I60,'Sources & Change Log'!$J$2:$J$5)-COUNTIFS('Team Calendar'!$A$5:$A$12,L60,'Team Calendar'!$C$5:$C$12,">="&H60,'Team Calendar'!$C$5:$C$12,"<="&I60,'Team Calendar'!$F$5:$F$12,"Personal absence")) | L60: 이하영 | M60: 이재환 | N60: D17; D33; D34; D35 — 현행 영향 기준. 신규 CR 승인·신규 D-ID/Interface ID는 미확정 | O60: RISK-04; RISK-07 | P60: Alertmanager 전용 NetworkPolicy(Egress) 작성·적용, podSelector 라벨 확정, Secret 주입·회전·폐기 절차 확정, 검증(허용/차단/알림 전송) 완료 및 Support Review 완료 | Q60: Lead 이하영·Support 이재환. #74의 프록시 서버 구성 완료와 고정 proxy endpoint 인계가 선행조건이므로 Start/End는 TBD다. 인계 후 실제 selector·Secret·정책·시험에 반영한다. 초안 준비는 병행 가능하며 착수일 확정으로 간주하지 않는다. 교육장 주말 작업은 배정하지 않는다. G2는 추적용 분류이며 기존 P0/G2 Acceptance에 필수 조건을 자동 추가하지 않는다. | R60: https://github.com/321Team/fds-project-baseline/issues/75 | S60: =IF(G60="Done","Done",IF(I60="","End TBD",IF(I60<'Executive Summary'!$B$4,"Overdue",IF(H60>'Executive Summary'!$B$4,"Upcoming","Active window"))))
A61: DEC-P1-EGRESS-01 | B61: Alertmanager 전용 프록시 배치·예약 IP 사용 결정 | C61: Phase 1 | D61: Monitoring / Architecture / Egress | E61: Decision | F61: P1 | G61: Done | H61: 46279 | I61: 46286 | J61: =IF(OR(H61="",I61=""),"",I61-H61+1) | K61: =IF(OR(H61="",I61=""),"",NETWORKDAYS(H61,I61,'Sources & Change Log'!$J$2:$J$5)-COUNTIFS('Team Calendar'!$A$5:$A$12,L61,'Team Calendar'!$C$5:$C$12,">="&H61,'Team Calendar'!$C$5:$C$12,"<="&I61,'Team Calendar'!$F$5:$F$12,"Personal absence")) | L61: 이권욱 | M61: 이하영, 이재환 | N61: D17; D33; D34; D35 — 기존 의미 유지. 신규 D/IF 순번은 정본 레지스터 대조 후 부여 | O61: RISK-04; RISK-07 | P61: 배치·예외 정책 기록, 예약 IP/자산 충돌 확인, 자원 영향 검토, #74/#75 구현·인계 조건 연결 | Q61: Decision 범위 종결. 초기 계획 End 2026-09-21은 G2 추적 목표로 보존한다. 배치·정책·예약 IP/자산·자원 영향·#74/#75 구현/인계 조건 확정이 완료되어 2026-09-16 Done 처리한다. #74/#75의 Squid/NetworkPolicy Runtime·독립 리뷰·서비스 인수는 계속 별도 추적하며 본 종결로 완료 처리하지 않는다. 교육장 주말 작업 0 원칙 유지. | R61: https://github.com/321Team/fds-project-baseline/issues/78 | S61: =IF(G61="Done","Done",IF(I61="","End TBD",IF(I61<'Executive Summary'!$B$4,"Overdue",IF(H61>'Executive Summary'!$B$4,"Upcoming","Active window"))))

Sheet Phase 1 Gantt
A1: FDS v3.1.20 · Phase 1 Gantt (CANDIDATE)
A2: 계획은 유연한 목표. 색상/막대는 예정 창이며 Runtime 완료율이 아님.
A3: Bars = Lead available weekdays within plan window; weekend/holiday/Lead absence excluded. Support allocations: Fast Track Plan.
A4: WBS ID | B4: Work Item | C4: Status | D4: Start | E4: End | F4: Lead | G4: 46260 | H4: 46261 | I4: 46262 | J4: 46263 | K4: 46264 | L4: 46265 | M4: 46266 | N4: 46267 | O4: 46268 | P4: 46269 | Q4: 46270 | R4: 46271 | S4: 46272 | T4: 46273 | U4: 46274 | V4: 46275 | W4: 46276 | X4: 46277 | Y4: 46278 | Z4: 46279 | AA4: 46280 | AB4: 46281 | AC4: 46282 | AD4: 46283 | AE4: 46284 | AF4: 46285 | AG4: 46286 | AH4: 46287 | AI4: 46288
A5: =WBS!A4 | B5: =WBS!B4 | C5: =WBS!G4 | D5: =IF(WBS!H4="","",WBS!H4) | E5: =IF(WBS!I4="","",WBS!I4) | F5: =WBS!L4 | G5: =IF(AND(ISNUMBER($D5),ISNUMBER($E5),G$4>=$D5,G$4<=$E5,WEEKDAY(G$4,2)<=5,COUNTIF('Sources & Change Log'!$J$2:$J$5,G$4)=0,COUNTIFS('Team Calendar'!$A$5:$A$12,$F5,'Team Calendar'!$C$5:$C$12,G$4)=0),1,"") | H5: =IF(AND(ISNUMBER($D5),ISNUMBER($E5),H$4>=$D5,H$4<=$E5,WEEKDAY(H$4,2)<=5,COUNTIF('Sources & Change Log'!$J$2:$J$5,H$4)=0,COUNTIFS('Team Calendar'!$A$5:$A$12,$F5,'Team Calendar'!$C$5:$C$12,H$4)=0),1,"") | I5: =IF(AND(ISNUMBER($D5),ISNUMBER($E5),I$4>=$D5,I$4<=$E5,WEEKDAY(I$4,2)<=5,COUNTIF('Sources & Change Log'!$J$2:$J$5,I$4)=0,COUNTIFS('Team Calendar'!$A$5:$A$12,$F5,'Team Calendar'!$C$5:$C$12,I$4)=0),1,"") | J5: =IF(AND(ISNUMBER($D5),ISNUMBER($E5),J$4>=$D5,J$4<=$E5,WEEKDAY(J$4,2)<=5,COUNTIF('Sources & Change Log'!$J$2:$J$5,J$4)=0,COUNTIFS('Team Calendar'!$A$5:$A$12,$F5,'Team Calendar'!$C$5:$C$12,J$4)=0),1,"") | K5: =IF(AND(ISNUMBER($D5),ISNUMBER($E5),K$4>=$D5,K$4<=$E5,WEEKDAY(K$4,2)<=5,COUNTIF('Sources & Change Log'!$J$2:$J$5,K$4)=0,COUNTIFS('Team Calendar'!$A$5:$A$12,$F5,'Team Calendar'!$C$5:$C$12,K$4)=0),1,"") | L5: =IF(AND(ISNUMBER($D5),ISNUMBER($E5),L$4>=$D5,L$4<=$E5,WEEKDAY(L$4,2)<=5,COUNTIF('Sources & Change Log'!$J$2:$J$5,L$4)=0,COUNTIFS('Team Calendar'!$A$5:$A$12,$F5,'Team Calendar'!$C$5:$C$12,L$4)=0),1,"") | M5: =IF(AND(ISNUMBER($D5),ISNUMBER($E5),M$4>=$D5,M$4<=$E5,WEEKDAY(M$4,2)<=5,COUNTIF('Sources & Change Log'!$J$2:$J$5,M$4)=0,COUNTIFS('Team Calendar'!$A$5:$A$12,$F5,'Team Calendar'!$C$5:$C$12,M$4)=0),1,"") | N5: =IF(AND(ISNUMBER($D5),ISNUMBER($E5),N$4>=$D5,N$4<=$E5,WEEKDAY(N$4,2)<=5,COUNTIF('Sources & Change Log'!$J$2:$J$5,N$4)=0,COUNTIFS('Team Calendar'!$A$5:$A$12,$F5,'Team Calendar'!$C$5:$C$12,N$4)=0),1,"") | ... AI5: =IF(AND(ISNUMBER($D5),ISNUMBER($E5),AI$4>=$D5,AI$4<=$E5,WEEKDAY(AI$4,2)<=5,COUNTIF('Sources & Change Log'!$J$2:$J$5,AI$4)=0,COUNTIFS('Team Calendar'!$A$5:$A$12,$F5,'Team Calendar'!$C$5:$C$12,AI$4)=0),1,"")
A6: =WBS!A5 | B6: =WBS!B5 | C6: =WBS!G5 | D6: =IF(WBS!H5="","",WBS!H5) | E6: =IF(WBS!I5="","",WBS!I5) | F6: =WBS!L5 | G6: =IF(AND(ISNUMBER($D6),ISNUMBER($E6),G$4>=$D6,G$4<=$E6,WEEKDAY(G$4,2)<=5,COUNTIF('Sources & Change Log'!$J$2:$J$5,G$4)=0,COUNTIFS('Team Calendar'!$A$5:$A$12,$F6,'Team Calendar'!$C$5:$C$12,G$4)=0),1,"") | H6: =IF(AND(ISNUMBER($D6),ISNUMBER($E6),H$4>=$D6,H$4<=$E6,WEEKDAY(H$4,2)<=5,COUNTIF('Sources & Change Log'!$J$2:$J$5,H$4)=0,COUNTIFS('Team Calendar'!$A$5:$A$12,$F6,'Team Calendar'!$C$5:$C$12,H$4)=0),1,"") | I6: =IF(AND(ISNUMBER($D6),ISNUMBER($E6),I$4>=$D6,I$4<=$E6,WEEKDAY(I$4,2)<=5,COUNTIF('Sources & Change Log'!$J$2:$J$5,I$4)=0,COUNTIFS('Team Calendar'!$A$5:$A$12,$F6,'Team Calendar'!$C$5:$C$12,I$4)=0),1,"") | J6: =IF(AND(ISNUMBER($D6),ISNUMBER($E6),J$4>=$D6,J$4<=$E6,WEEKDAY(J$4,2)<=5,COUNTIF('Sources & Change Log'!$J$2:$J$5,J$4)=0,COUNTIFS('Team Calendar'!$A$5:$A$12,$F6,'Team Calendar'!$C$5:$C$12,J$4)=0),1,"") | K6: =IF(AND(ISNUMBER($D6),ISNUMBER($E6),K$4>=$D6,K$4<=$E6,WEEKDAY(K$4,2)<=5,COUNTIF('Sources & Change Log'!$J$2:$J$5,K$4)=0,COUNTIFS('Team Calendar'!$A$5:$A$12,$F6,'Team Calendar'!$C$5:$C$12,K$4)=0),1,"") | L6: =IF(AND(ISNUMBER($D6),ISNUMBER($E6),L$4>=$D6,L$4<=$E6,WEEKDAY(L$4,2)<=5,COUNTIF('Sources & Change Log'!$J$2:$J$5,L$4)=0,COUNTIFS('Team Calendar'!$A$5:$A$12,$F6,'Team Calendar'!$C$5:$C$12,L$4)=0),1,"") | M6: =IF(AND(ISNUMBER($D6),ISNUMBER($E6),M$4>=$D6,M$4<=$E6,WEEKDAY(M$4,2)<=5,COUNTIF('Sources & Change Log'!$J$2:$J$5,M$4)=0,COUNTIFS('Team Calendar'!$A$5:$A$12,$F6,'Team Calendar'!$C$5:$C$12,M$4)=0),1,"") | N6: =IF(AND(ISNUMBER($D6),ISNUMBER($E6),N$4>=$D6,N$4<=$E6,WEEKDAY(N$4,2)<=5,COUNTIF('Sources & Change Log'!$J$2:$J$5,N$4)=0,COUNTIFS('Team Calendar'!$A$5:$A$12,$F6,'Team Calendar'!$C$5:$C$12,N$4)=0),1,"") | ... AI6: =IF(AND(ISNUMBER($D6),ISNUMBER($E6),AI$4>=$D6,AI$4<=$E6,WEEKDAY(AI$4,2)<=5,COUNTIF('Sources & Change Log'!$J$2:$J$5,AI$4)=0,COUNTIFS('Team Calendar'!$A$5:$A$12,$F6,'Team Calendar'!$C$5:$C$12,AI$4)=0),1,"")
A7: =WBS!A7 | B7: =WBS!B7 | C7: =WBS!G7 | D7: =IF(WBS!H7="","",WBS!H7) | E7: =IF(WBS!I7="","",WBS!I7) | F7: =WBS!L7 | G7: =IF(AND(ISNUMBER($D7),ISNUMBER($E7),G$4>=$D7,G$4<=$E7,WEEKDAY(G$4,2)<=5,COUNTIF('Sources & Change Log'!$J$2:$J$5,G$4)=0,COUNTIFS('Team Calendar'!$A$5:$A$12,$F7,'Team Calendar'!$C$5:$C$12,G$4)=0),1,"") | H7: =IF(AND(ISNUMBER($D7),ISNUMBER($E7),H$4>=$D7,H$4<=$E7,WEEKDAY(H$4,2)<=5,COUNTIF('Sources & Change Log'!$J$2:$J$5,H$4)=0,COUNTIFS('Team Calendar'!$A$5:$A$12,$F7,'Team Calendar'!$C$5:$C$12,H$4)=0),1,"") | I7: =IF(AND(ISNUMBER($D7),ISNUMBER($E7),I$4>=$D7,I$4<=$E7,WEEKDAY(I$4,2)<=5,COUNTIF('Sources & Change Log'!$J$2:$J$5,I$4)=0,COUNTIFS('Team Calendar'!$A$5:$A$12,$F7,'Team Calendar'!$C$5:$C$12,I$4)=0),1,"") | J7: =IF(AND(ISNUMBER($D7),ISNUMBER($E7),J$4>=$D7,J$4<=$E7,WEEKDAY(J$4,2)<=5,COUNTIF('Sources & Change Log'!$J$2:$J$5,J$4)=0,COUNTIFS('Team Calendar'!$A$5:$A$12,$F7,'Team Calendar'!$C$5:$C$12,J$4)=0),1,"") | K7: =IF(AND(ISNUMBER($D7),ISNUMBER($E7),K$4>=$D7,K$4<=$E7,WEEKDAY(K$4,2)<=5,COUNTIF('Sources & Change Log'!$J$2:$J$5,K$4)=0,COUNTIFS('Team Calendar'!$A$5:$A$12,$F7,'Team Calendar'!$C$5:$C$12,K$4)=0),1,"") | L7: =IF(AND(ISNUMBER($D7),ISNUMBER($E7),L$4>=$D7,L$4<=$E7,WEEKDAY(L$4,2)<=5,COUNTIF('Sources & Change Log'!$J$2:$J$5,L$4)=0,COUNTIFS('Team Calendar'!$A$5:$A$12,$F7,'Team Calendar'!$C$5:$C$12,L$4)=0),1,"") | M7: =IF(AND(ISNUMBER($D7),ISNUMBER($E7),M$4>=$D7,M$4<=$E7,WEEKDAY(M$4,2)<=5,COUNTIF('Sources & Change Log'!$J$2:$J$5,M$4)=0,COUNTIFS('Team Calendar'!$A$5:$A$12,$F7,'Team Calendar'!$C$5:$C$12,M$4)=0),1,"") | N7: =IF(AND(ISNUMBER($D7),ISNUMBER($E7),N$4>=$D7,N$4<=$E7,WEEKDAY(N$4,2)<=5,COUNTIF('Sources & Change Log'!$J$2:$J$5,N$4)=0,COUNTIFS('Team Calendar'!$A$5:$A$12,$F7,'Team Calendar'!$C$5:$C$12,N$4)=0),1,"") | ... AI7: =IF(AND(ISNUMBER($D7),ISNUMBER($E7),AI$4>=$D7,AI$4<=$E7,WEEKDAY(AI$4,2)<=5,COUNTIF('Sources & Change Log'!$J$2:$J$5,AI$4)=0,COUNTIFS('Team Calendar'!$A$5:$A$12,$F7,'Team Calendar'!$C$5:$C$12,AI$4)=0),1,"")
A8: =WBS!A6 | B8: =WBS!B6 | C8: =WBS!G6 | D8: =IF(WBS!H6="","",WBS!H6) | E8: =IF(WBS!I6="","",WBS!I6) | F8: =WBS!L6 | G8: =IF(AND(ISNUMBER($D8),ISNUMBER($E8),G$4>=$D8,G$4<=$E8,WEEKDAY(G$4,2)<=5,COUNTIF('Sources & Change Log'!$J$2:$J$5,G$4)=0,COUNTIFS('Team Calendar'!$A$5:$A$12,$F8,'Team Calendar'!$C$5:$C$12,G$4)=0),1,"") | H8: =IF(AND(ISNUMBER($D8),ISNUMBER($E8),H$4>=$D8,H$4<=$E8,WEEKDAY(H$4,2)<=5,COUNTIF('Sources & Change Log'!$J$2:$J$5,H$4)=0,COUNTIFS('Team Calendar'!$A$5:$A$12,$F8,'Team Calendar'!$C$5:$C$12,H$4)=0),1,"") | I8: =IF(AND(ISNUMBER($D8),ISNUMBER($E8),I$4>=$D8,I$4<=$E8,WEEKDAY(I$4,2)<=5,COUNTIF('Sources & Change Log'!$J$2:$J$5,I$4)=0,COUNTIFS('Team Calendar'!$A$5:$A$12,$F8,'Team Calendar'!$C$5:$C$12,I$4)=0),1,"") | J8: =IF(AND(ISNUMBER($D8),ISNUMBER($E8),J$4>=$D8,J$4<=$E8,WEEKDAY(J$4,2)<=5,COUNTIF('Sources & Change Log'!$J$2:$J$5,J$4)=0,COUNTIFS('Team Calendar'!$A$5:$A$12,$F8,'Team Calendar'!$C$5:$C$12,J$4)=0),1,"") | K8: =IF(AND(ISNUMBER($D8),ISNUMBER($E8),K$4>=$D8,K$4<=$E8,WEEKDAY(K$4,2)<=5,COUNTIF('Sources & Change Log'!$J$2:$J$5,K$4)=0,COUNTIFS('Team Calendar'!$A$5:$A$12,$F8,'Team Calendar'!$C$5:$C$12,K$4)=0),1,"") | L8: =IF(AND(ISNUMBER($D8),ISNUMBER($E8),L$4>=$D8,L$4<=$E8,WEEKDAY(L$4,2)<=5,COUNTIF('Sources & Change Log'!$J$2:$J$5,L$4)=0,COUNTIFS('Team Calendar'!$A$5:$A$12,$F8,'Team Calendar'!$C$5:$C$12,L$4)=0),1,"") | M8: =IF(AND(ISNUMBER($D8),ISNUMBER($E8),M$4>=$D8,M$4<=$E8,WEEKDAY(M$4,2)<=5,COUNTIF('Sources & Change Log'!$J$2:$J$5,M$4)=0,COUNTIFS('Team Calendar'!$A$5:$A$12,$F8,'Team Calendar'!$C$5:$C$12,M$4)=0),1,"") | N8: =IF(AND(ISNUMBER($D8),ISNUMBER($E8),N$4>=$D8,N$4<=$E8,WEEKDAY(N$4,2)<=5,COUNTIF('Sources & Change Log'!$J$2:$J$5,N$4)=0,COUNTIFS('Team Calendar'!$A$5:$A$12,$F8,'Team Calendar'!$C$5:$C$12,N$4)=0),1,"") | ... AI8: =IF(AND(ISNUMBER($D8),ISNUMBER($E8),AI$4>=$D8,AI$4<=$E8,WEEKDAY(AI$4,2)<=5,COUNTIF('Sources & Change Log'!$J$2:$J$5,AI$4)=0,COUNTIFS('Team Calendar'!$A$5:$A$12,$F8,'Team Calendar'!$C$5:$C$12,AI$4)=0),1,"")
A9: =WBS!A8 | B9: =WBS!B8 | C9: =WBS!G8 | D9: =IF(WBS!H8="","",WBS!H8) | E9: =IF(WBS!I8="","",WBS!I8) | F9: =WBS!L8 | G9: =IF(AND(ISNUMBER($D9),ISNUMBER($E9),G$4>=$D9,G$4<=$E9,WEEKDAY(G$4,2)<=5,COUNTIF('Sources & Change Log'!$J$2:$J$5,G$4)=0,COUNTIFS('Team Calendar'!$A$5:$A$12,$F9,'Team Calendar'!$C$5:$C$12,G$4)=0),1,"") | H9: =IF(AND(ISNUMBER($D9),ISNUMBER($E9),H$4>=$D9,H$4<=$E9,WEEKDAY(H$4,2)<=5,COUNTIF('Sources & Change Log'!$J$2:$J$5,H$4)=0,COUNTIFS('Team Calendar'!$A$5:$A$12,$F9,'Team Calendar'!$C$5:$C$12,H$4)=0),1,"") | I9: =IF(AND(ISNUMBER($D9),ISNUMBER($E9),I$4>=$D9,I$4<=$E9,WEEKDAY(I$4,2)<=5,COUNTIF('Sources & Change Log'!$J$2:$J$5,I$4)=0,COUNTIFS('Team Calendar'!$A$5:$A$12,$F9,'Team Calendar'!$C$5:$C$12,I$4)=0),1,"") | J9: =IF(AND(ISNUMBER($D9),ISNUMBER($E9),J$4>=$D9,J$4<=$E9,WEEKDAY(J$4,2)<=5,COUNTIF('Sources & Change Log'!$J$2:$J$5,J$4)=0,COUNTIFS('Team Calendar'!$A$5:$A$12,$F9,'Team Calendar'!$C$5:$C$12,J$4)=0),1,"") | K9: =IF(AND(ISNUMBER($D9),ISNUMBER($E9),K$4>=$D9,K$4<=$E9,WEEKDAY(K$4,2)<=5,COUNTIF('Sources & Change Log'!$J$2:$J$5,K$4)=0,COUNTIFS('Team Calendar'!$A$5:$A$12,$F9,'Team Calendar'!$C$5:$C$12,K$4)=0),1,"") | L9: =IF(AND(ISNUMBER($D9),ISNUMBER($E9),L$4>=$D9,L$4<=$E9,WEEKDAY(L$4,2)<=5,COUNTIF('Sources & Change Log'!$J$2:$J$5,L$4)=0,COUNTIFS('Team Calendar'!$A$5:$A$12,$F9,'Team Calendar'!$C$5:$C$12,L$4)=0),1,"") | M9: =IF(AND(ISNUMBER($D9),ISNUMBER($E9),M$4>=$D9,M$4<=$E9,WEEKDAY(M$4,2)<=5,COUNTIF('Sources & Change Log'!$J$2:$J$5,M$4)=0,COUNTIFS('Team Calendar'!$A$5:$A$12,$F9,'Team Calendar'!$C$5:$C$12,M$4)=0),1,"") | N9: =IF(AND(ISNUMBER($D9),ISNUMBER($E9),N$4>=$D9,N$4<=$E9,WEEKDAY(N$4,2)<=5,COUNTIF('Sources & Change Log'!$J$2:$J$5,N$4)=0,COUNTIFS('Team Calendar'!$A$5:$A$12,$F9,'Team Calendar'!$C$5:$C$12,N$4)=0),1,"") | ... AI9: =IF(AND(ISNUMBER($D9),ISNUMBER($E9),AI$4>=$D9,AI$4<=$E9,WEEKDAY(AI$4,2)<=5,COUNTIF('Sources & Change Log'!$J$2:$J$5,AI$4)=0,COUNTIFS('Team Calendar'!$A$5:$A$12,$F9,'Team Calendar'!$C$5:$C$12,AI$4)=0),1,"")
A10: =WBS!A9 | B10: =WBS!B9 | C10: =WBS!G9 | D10: =IF(WBS!H9="","",WBS!H9) | E10: =IF(WBS!I9="","",WBS!I9) | F10: =WBS!L9 | G10: =IF(AND(ISNUMBER($D10),ISNUMBER($E10),G$4>=$D10,G$4<=$E10,WEEKDAY(G$4,2)<=5,COUNTIF('Sources & Change Log'!$J$2:$J$5,G$4)=0,COUNTIFS('Team Calendar'!$A$5:$A$12,$F10,'Team Calendar'!$C$5:$C$12,G$4)=0),1,"") | H10: =IF(AND(ISNUMBER($D10),ISNUMBER($E10),H$4>=$D10,H$4<=$E10,WEEKDAY(H$4,2)<=5,COUNTIF('Sources & Change Log'!$J$2:$J$5,H$4)=0,COUNTIFS('Team Calendar'!$A$5:$A$12,$F10,'Team Calendar'!$C$5:$C$12,H$4)=0),1,"") | I10: =IF(AND(ISNUMBER($D10),ISNUMBER($E10),I$4>=$D10,I$4<=$E10,WEEKDAY(I$4,2)<=5,COUNTIF('Sources & Change Log'!$J$2:$J$5,I$4)=0,COUNTIFS('Team Calendar'!$A$5:$A$12,$F10,'Team Calendar'!$C$5:$C$12,I$4)=0),1,"") | J10: =IF(AND(ISNUMBER($D10),ISNUMBER($E10),J$4>=$D10,J$4<=$E10,WEEKDAY(J$4,2)<=5,COUNTIF('Sources & Change Log'!$J$2:$J$5,J$4)=0,COUNTIFS('Team Calendar'!$A$5:$A$12,$F10,'Team Calendar'!$C$5:$C$12,J$4)=0),1,"") | K10: =IF(AND(ISNUMBER($D10),ISNUMBER($E10),K$4>=$D10,K$4<=$E10,WEEKDAY(K$4,2)<=5,COUNTIF('Sources & Change Log'!$J$2:$J$5,K$4)=0,COUNTIFS('Team Calendar'!$A$5:$A$12,$F10,'Team Calendar'!$C$5:$C$12,K$4)=0),1,"") | L10: =IF(AND(ISNUMBER($D10),ISNUMBER($E10),L$4>=$D10,L$4<=$E10,WEEKDAY(L$4,2)<=5,COUNTIF('Sources & Change Log'!$J$2:$J$5,L$4)=0,COUNTIFS('Team Calendar'!$A$5:$A$12,$F10,'Team Calendar'!$C$5:$C$12,L$4)=0),1,"") | M10: =IF(AND(ISNUMBER($D10),ISNUMBER($E10),M$4>=$D10,M$4<=$E10,WEEKDAY(M$4,2)<=5,COUNTIF('Sources & Change Log'!$J$2:$J$5,M$4)=0,COUNTIFS('Team Calendar'!$A$5:$A$12,$F10,'Team Calendar'!$C$5:$C$12,M$4)=0),1,"") | N10: =IF(AND(ISNUMBER($D10),ISNUMBER($E10),N$4>=$D10,N$4<=$E10,WEEKDAY(N$4,2)<=5,COUNTIF('Sources & Change Log'!$J$2:$J$5,N$4)=0,COUNTIFS('Team Calendar'!$A$5:$A$12,$F10,'Team Calendar'!$C$5:$C$12,N$4)=0),1,"") | ... AI10: =IF(AND(ISNUMBER($D10),ISNUMBER($E10),AI$4>=$D10,AI$4<=$E10,WEEKDAY(AI$4,2)<=5,COUNTIF('Sources & Change Log'!$J$2:$J$5,AI$4)=0,COUNTIFS('Team Calendar'!$A$5:$A$12,$F10,'Team Calendar'!$C$5:$C$12,AI$4)=0),1,"")
A11: =WBS!A10 | B11: =WBS!B10 | C11: =WBS!G10 | D11: =IF(WBS!H10="","",WBS!H10) | E11: =IF(WBS!I10="","",WBS!I10) | F11: =WBS!L10 | G11: =IF(AND(ISNUMBER($D11),ISNUMBER($E11),G$4>=$D11,G$4<=$E11,WEEKDAY(G$4,2)<=5,COUNTIF('Sources & Change Log'!$J$2:$J$5,G$4)=0,COUNTIFS('Team Calendar'!$A$5:$A$12,$F11,'Team Calendar'!$C$5:$C$12,G$4)=0),1,"") | H11: =IF(AND(ISNUMBER($D11),ISNUMBER($E11),H$4>=$D11,H$4<=$E11,WEEKDAY(H$4,2)<=5,COUNTIF('Sources & Change Log'!$J$2:$J$5,H$4)=0,COUNTIFS('Team Calendar'!$A$5:$A$12,$F11,'Team Calendar'!$C$5:$C$12,H$4)=0),1,"") | I11: =IF(AND(ISNUMBER($D11),ISNUMBER($E11),I$4>=$D11,I$4<=$E11,WEEKDAY(I$4,2)<=5,COUNTIF('Sources & Change Log'!$J$2:$J$5,I$4)=0,COUNTIFS('Team Calendar'!$A$5:$A$12,$F11,'Team Calendar'!$C$5:$C$12,I$4)=0),1,"") | J11: =IF(AND(ISNUMBER($D11),ISNUMBER($E11),J$4>=$D11,J$4<=$E11,WEEKDAY(J$4,2)<=5,COUNTIF('Sources & Change Log'!$J$2:$J$5,J$4)=0,COUNTIFS('Team Calendar'!$A$5:$A$12,$F11,'Team Calendar'!$C$5:$C$12,J$4)=0),1,"") | K11: =IF(AND(ISNUMBER($D11),ISNUMBER($E11),K$4>=$D11,K$4<=$E11,WEEKDAY(K$4,2)<=5,COUNTIF('Sources & Change Log'!$J$2:$J$5,K$4)=0,COUNTIFS('Team Calendar'!$A$5:$A$12,$F11,'Team Calendar'!$C$5:$C$12,K$4)=0),1,"") | L11: =IF(AND(ISNUMBER($D11),ISNUMBER($E11),L$4>=$D11,L$4<=$E11,WEEKDAY(L$4,2)<=5,COUNTIF('Sources & Change Log'!$J$2:$J$5,L$4)=0,COUNTIFS('Team Calendar'!$A$5:$A$12,$F11,'Team Calendar'!$C$5:$C$12,L$4)=0),1,"") | M11: =IF(AND(ISNUMBER($D11),ISNUMBER($E11),M$4>=$D11,M$4<=$E11,WEEKDAY(M$4,2)<=5,COUNTIF('Sources & Change Log'!$J$2:$J$5,M$4)=0,COUNTIFS('Team Calendar'!$A$5:$A$12,$F11,'Team Calendar'!$C$5:$C$12,M$4)=0),1,"") | N11: =IF(AND(ISNUMBER($D11),ISNUMBER($E11),N$4>=$D11,N$4<=$E11,WEEKDAY(N$4,2)<=5,COUNTIF('Sources & Change Log'!$J$2:$J$5,N$4)=0,COUNTIFS('Team Calendar'!$A$5:$A$12,$F11,'Team Calendar'!$C$5:$C$12,N$4)=0),1,"") | ... AI11: =IF(AND(ISNUMBER($D11),ISNUMBER($E11),AI$4>=$D11,AI$4<=$E11,WEEKDAY(AI$4,2)<=5,COUNTIF('Sources & Change Log'!$J$2:$J$5,AI$4)=0,COUNTIFS('Team Calendar'!$A$5:$A$12,$F11,'Team Calendar'!$C$5:$C$12,AI$4)=0),1,"")
A12: =WBS!A11 | B12: =WBS!B11 | C12: =WBS!G11 | D12: =IF(WBS!H11="","",WBS!H11) | E12: =IF(WBS!I11="","",WBS!I11) | F12: =WBS!L11 | G12: =IF(AND(ISNUMBER($D12),ISNUMBER($E12),G$4>=$D12,G$4<=$E12,WEEKDAY(G$4,2)<=5,COUNTIF('Sources & Change Log'!$J$2:$J$5,G$4)=0,COUNTIFS('Team Calendar'!$A$5:$A$12,$F12,'Team Calendar'!$C$5:$C$12,G$4)=0),1,"") | H12: =IF(AND(ISNUMBER($D12),ISNUMBER($E12),H$4>=$D12,H$4<=$E12,WEEKDAY(H$4,2)<=5,COUNTIF('Sources & Change Log'!$J$2:$J$5,H$4)=0,COUNTIFS('Team Calendar'!$A$5:$A$12,$F12,'Team Calendar'!$C$5:$C$12,H$4)=0),1,"") | I12: =IF(AND(ISNUMBER($D12),ISNUMBER($E12),I$4>=$D12,I$4<=$E12,WEEKDAY(I$4,2)<=5,COUNTIF('Sources & Change Log'!$J$2:$J$5,I$4)=0,COUNTIFS('Team Calendar'!$A$5:$A$12,$F12,'Team Calendar'!$C$5:$C$12,I$4)=0),1,"") | J12: =IF(AND(ISNUMBER($D12),ISNUMBER($E12),J$4>=$D12,J$4<=$E12,WEEKDAY(J$4,2)<=5,COUNTIF('Sources & Change Log'!$J$2:$J$5,J$4)=0,COUNTIFS('Team Calendar'!$A$5:$A$12,$F12,'Team Calendar'!$C$5:$C$12,J$4)=0),1,"") | K12: =IF(AND(ISNUMBER($D12),ISNUMBER($E12),K$4>=$D12,K$4<=$E12,WEEKDAY(K$4,2)<=5,COUNTIF('Sources & Change Log'!$J$2:$J$5,K$4)=0,COUNTIFS('Team Calendar'!$A$5:$A$12,$F12,'Team Calendar'!$C$5:$C$12,K$4)=0),1,"") | L12: =IF(AND(ISNUMBER($D12),ISNUMBER($E12),L$4>=$D12,L$4<=$E12,WEEKDAY(L$4,2)<=5,COUNTIF('Sources & Change Log'!$J$2:$J$5,L$4)=0,COUNTIFS('Team Calendar'!$A$5:$A$12,$F12,'Team Calendar'!$C$5:$C$12,L$4)=0),1,"") | M12: =IF(AND(ISNUMBER($D12),ISNUMBER($E12),M$4>=$D12,M$4<=$E12,WEEKDAY(M$4,2)<=5,COUNTIF('Sources & Change Log'!$J$2:$J$5,M$4)=0,COUNTIFS('Team Calendar'!$A$5:$A$12,$F12,'Team Calendar'!$C$5:$C$12,M$4)=0),1,"") | N12: =IF(AND(ISNUMBER($D12),ISNUMBER($E12),N$4>=$D12,N$4<=$E12,WEEKDAY(N$4,2)<=5,COUNTIF('Sources & Change Log'!$J$2:$J$5,N$4)=0,COUNTIFS('Team Calendar'!$A$5:$A$12,$F12,'Team Calendar'!$C$5:$C$12,N$4)=0),1,"") | ... AI12: =IF(AND(ISNUMBER($D12),ISNUMBER($E12),AI$4>=$D12,AI$4<=$E12,WEEKDAY(AI$4,2)<=5,COUNTIF('Sources & Change Log'!$J$2:$J$5,AI$4)=0,COUNTIFS('Team Calendar'!$A$5:$A$12,$F12,'Team Calendar'!$C$5:$C$12,AI$4)=0),1,"")
A13: =WBS!A12 | B13: =WBS!B12 | C13: =WBS!G12 | D13: =IF(WBS!H12="","",WBS!H12) | E13: =IF(WBS!I12="","",WBS!I12) | F13: =WBS!L12 | G13: =IF(AND(ISNUMBER($D13),ISNUMBER($E13),G$4>=$D13,G$4<=$E13,WEEKDAY(G$4,2)<=5,COUNTIF('Sources & Change Log'!$J$2:$J$5,G$4)=0,COUNTIFS('Team Calendar'!$A$5:$A$12,$F13,'Team Calendar'!$C$5:$C$12,G$4)=0),1,"") | H13: =IF(AND(ISNUMBER($D13),ISNUMBER($E13),H$4>=$D13,H$4<=$E13,WEEKDAY(H$4,2)<=5,COUNTIF('Sources & Change Log'!$J$2:$J$5,H$4)=0,COUNTIFS('Team Calendar'!$A$5:$A$12,$F13,'Team Calendar'!$C$5:$C$12,H$4)=0),1,"") | I13: =IF(AND(ISNUMBER($D13),ISNUMBER($E13),I$4>=$D13,I$4<=$E13,WEEKDAY(I$4,2)<=5,COUNTIF('Sources & Change Log'!$J$2:$J$5,I$4)=0,COUNTIFS('Team Calendar'!$A$5:$A$12,$F13,'Team Calendar'!$C$5:$C$12,I$4)=0),1,"") | J13: =IF(AND(ISNUMBER($D13),ISNUMBER($E13),J$4>=$D13,J$4<=$E13,WEEKDAY(J$4,2)<=5,COUNTIF('Sources & Change Log'!$J$2:$J$5,J$4)=0,COUNTIFS('Team Calendar'!$A$5:$A$12,$F13,'Team Calendar'!$C$5:$C$12,J$4)=0),1,"") | K13: =IF(AND(ISNUMBER($D13),ISNUMBER($E13),K$4>=$D13,K$4<=$E13,WEEKDAY(K$4,2)<=5,COUNTIF('Sources & Change Log'!$J$2:$J$5,K$4)=0,COUNTIFS('Team Calendar'!$A$5:$A$12,$F13,'Team Calendar'!$C$5:$C$12,K$4)=0),1,"") | L13: =IF(AND(ISNUMBER($D13),ISNUMBER($E13),L$4>=$D13,L$4<=$E13,WEEKDAY(L$4,2)<=5,COUNTIF('Sources & Change Log'!$J$2:$J$5,L$4)=0,COUNTIFS('Team Calendar'!$A$5:$A$12,$F13,'Team Calendar'!$C$5:$C$12,L$4)=0),1,"") | M13: =IF(AND(ISNUMBER($D13),ISNUMBER($E13),M$4>=$D13,M$4<=$E13,WEEKDAY(M$4,2)<=5,COUNTIF('Sources & Change Log'!$J$2:$J$5,M$4)=0,COUNTIFS('Team Calendar'!$A$5:$A$12,$F13,'Team Calendar'!$C$5:$C$12,M$4)=0),1,"") | N13: =IF(AND(ISNUMBER($D13),ISNUMBER($E13),N$4>=$D13,N$4<=$E13,WEEKDAY(N$4,2)<=5,COUNTIF('Sources & Change Log'!$J$2:$J$5,N$4)=0,COUNTIFS('Team Calendar'!$A$5:$A$12,$F13,'Team Calendar'!$C$5:$C$12,N$4)=0),1,"") | ... AI13: =IF(AND(ISNUMBER($D13),ISNUMBER($E13),AI$4>=$D13,AI$4<=$E13,WEEKDAY(AI$4,2)<=5,COUNTIF('Sources & Change Log'!$J$2:$J$5,AI$4)=0,COUNTIFS('Team Calendar'!$A$5:$A$12,$F13,'Team Calendar'!$C$5:$C$12,AI$4)=0),1,"")
A14: =WBS!A13 | B14: =WBS!B13 | C14: =WBS!G13 | D14: =IF(WBS!H13="","",WBS!H13) | E14: =IF(WBS!I13="","",WBS!I13) | F14: =WBS!L13 | G14: =IF(AND(ISNUMBER($D14),ISNUMBER($E14),G$4>=$D14,G$4<=$E14,WEEKDAY(G$4,2)<=5,COUNTIF('Sources & Change Log'!$J$2:$J$5,G$4)=0,COUNTIFS('Team Calendar'!$A$5:$A$12,$F14,'Team Calendar'!$C$5:$C$12,G$4)=0),1,"") | H14: =IF(AND(ISNUMBER($D14),ISNUMBER($E14),H$4>=$D14,H$4<=$E14,WEEKDAY(H$4,2)<=5,COUNTIF('Sources & Change Log'!$J$2:$J$5,H$4)=0,COUNTIFS('Team Calendar'!$A$5:$A$12,$F14,'Team Calendar'!$C$5:$C$12,H$4)=0),1,"") | I14: =IF(AND(ISNUMBER($D14),ISNUMBER($E14),I$4>=$D14,I$4<=$E14,WEEKDAY(I$4,2)<=5,COUNTIF('Sources & Change Log'!$J$2:$J$5,I$4)=0,COUNTIFS('Team Calendar'!$A$5:$A$12,$F14,'Team Calendar'!$C$5:$C$12,I$4)=0),1,"") | J14: =IF(AND(ISNUMBER($D14),ISNUMBER($E14),J$4>=$D14,J$4<=$E14,WEEKDAY(J$4,2)<=5,COUNTIF('Sources & Change Log'!$J$2:$J$5,J$4)=0,COUNTIFS('Team Calendar'!$A$5:$A$12,$F14,'Team Calendar'!$C$5:$C$12,J$4)=0),1,"") | K14: =IF(AND(ISNUMBER($D14),ISNUMBER($E14),K$4>=$D14,K$4<=$E14,WEEKDAY(K$4,2)<=5,COUNTIF('Sources & Change Log'!$J$2:$J$5,K$4)=0,COUNTIFS('Team Calendar'!$A$5:$A$12,$F14,'Team Calendar'!$C$5:$C$12,K$4)=0),1,"") | L14: =IF(AND(ISNUMBER($D14),ISNUMBER($E14),L$4>=$D14,L$4<=$E14,WEEKDAY(L$4,2)<=5,COUNTIF('Sources & Change Log'!$J$2:$J$5,L$4)=0,COUNTIFS('Team Calendar'!$A$5:$A$12,$F14,'Team Calendar'!$C$5:$C$12,L$4)=0),1,"") | M14: =IF(AND(ISNUMBER($D14),ISNUMBER($E14),M$4>=$D14,M$4<=$E14,WEEKDAY(M$4,2)<=5,COUNTIF('Sources & Change Log'!$J$2:$J$5,M$4)=0,COUNTIFS('Team Calendar'!$A$5:$A$12,$F14,'Team Calendar'!$C$5:$C$12,M$4)=0),1,"") | N14: =IF(AND(ISNUMBER($D14),ISNUMBER($E14),N$4>=$D14,N$4<=$E14,WEEKDAY(N$4,2)<=5,COUNTIF('Sources & Change Log'!$J$2:$J$5,N$4)=0,COUNTIFS('Team Calendar'!$A$5:$A$12,$F14,'Team Calendar'!$C$5:$C$12,N$4)=0),1,"") | ... AI14: =IF(AND(ISNUMBER($D14),ISNUMBER($E14),AI$4>=$D14,AI$4<=$E14,WEEKDAY(AI$4,2)<=5,COUNTIF('Sources & Change Log'!$J$2:$J$5,AI$4)=0,COUNTIFS('Team Calendar'!$A$5:$A$12,$F14,'Team Calendar'!$C$5:$C$12,AI$4)=0),1,"")
A15: =WBS!A14 | B15: =WBS!B14 | C15: =WBS!G14 | D15: =IF(WBS!H14="","",WBS!H14) | E15: =IF(WBS!I14="","",WBS!I14) | F15: =WBS!L14 | G15: =IF(AND(ISNUMBER($D15),ISNUMBER($E15),G$4>=$D15,G$4<=$E15,WEEKDAY(G$4,2)<=5,COUNTIF('Sources & Change Log'!$J$2:$J$5,G$4)=0,COUNTIFS('Team Calendar'!$A$5:$A$12,$F15,'Team Calendar'!$C$5:$C$12,G$4)=0),1,"") | H15: =IF(AND(ISNUMBER($D15),ISNUMBER($E15),H$4>=$D15,H$4<=$E15,WEEKDAY(H$4,2)<=5,COUNTIF('Sources & Change Log'!$J$2:$J$5,H$4)=0,COUNTIFS('Team Calendar'!$A$5:$A$12,$F15,'Team Calendar'!$C$5:$C$12,H$4)=0),1,"") | I15: =IF(AND(ISNUMBER($D15),ISNUMBER($E15),I$4>=$D15,I$4<=$E15,WEEKDAY(I$4,2)<=5,COUNTIF('Sources & Change Log'!$J$2:$J$5,I$4)=0,COUNTIFS('Team Calendar'!$A$5:$A$12,$F15,'Team Calendar'!$C$5:$C$12,I$4)=0),1,"") | J15: =IF(AND(ISNUMBER($D15),ISNUMBER($E15),J$4>=$D15,J$4<=$E15,WEEKDAY(J$4,2)<=5,COUNTIF('Sources & Change Log'!$J$2:$J$5,J$4)=0,COUNTIFS('Team Calendar'!$A$5:$A$12,$F15,'Team Calendar'!$C$5:$C$12,J$4)=0),1,"") | K15: =IF(AND(ISNUMBER($D15),ISNUMBER($E15),K$4>=$D15,K$4<=$E15,WEEKDAY(K$4,2)<=5,COUNTIF('Sources & Change Log'!$J$2:$J$5,K$4)=0,COUNTIFS('Team Calendar'!$A$5:$A$12,$F15,'Team Calendar'!$C$5:$C$12,K$4)=0),1,"") | L15: =IF(AND(ISNUMBER($D15),ISNUMBER($E15),L$4>=$D15,L$4<=$E15,WEEKDAY(L$4,2)<=5,COUNTIF('Sources & Change Log'!$J$2:$J$5,L$4)=0,COUNTIFS('Team Calendar'!$A$5:$A$12,$F15,'Team Calendar'!$C$5:$C$12,L$4)=0),1,"") | M15: =IF(AND(ISNUMBER($D15),ISNUMBER($E15),M$4>=$D15,M$4<=$E15,WEEKDAY(M$4,2)<=5,COUNTIF('Sources & Change Log'!$J$2:$J$5,M$4)=0,COUNTIFS('Team Calendar'!$A$5:$A$12,$F15,'Team Calendar'!$C$5:$C$12,M$4)=0),1,"") | N15: =IF(AND(ISNUMBER($D15),ISNUMBER($E15),N$4>=$D15,N$4<=$E15,WEEKDAY(N$4,2)<=5,COUNTIF('Sources & Change Log'!$J$2:$J$5,N$4)=0,COUNTIFS('Team Calendar'!$A$5:$A$12,$F15,'Team Calendar'!$C$5:$C$12,N$4)=0),1,"") | ... AI15: =IF(AND(ISNUMBER($D15),ISNUMBER($E15),AI$4>=$D15,AI$4<=$E15,WEEKDAY(AI$4,2)<=5,COUNTIF('Sources & Change Log'!$J$2:$J$5,AI$4)=0,COUNTIFS('Team Calendar'!$A$5:$A$12,$F15,'Team Calendar'!$C$5:$C$12,AI$4)=0),1,"")
A16: =WBS!A16 | B16: =WBS!B16 | C16: =WBS!G16 | D16: =IF(WBS!H16="","",WBS!H16) | E16: =IF(WBS!I16="","",WBS!I16) | F16: =WBS!L16 | G16: =IF(AND(ISNUMBER($D16),ISNUMBER($E16),G$4>=$D16,G$4<=$E16,WEEKDAY(G$4,2)<=5,COUNTIF('Sources & Change Log'!$J$2:$J$5,G$4)=0,COUNTIFS('Team Calendar'!$A$5:$A$12,$F16,'Team Calendar'!$C$5:$C$12,G$4)=0),1,"") | H16: =IF(AND(ISNUMBER($D16),ISNUMBER($E16),H$4>=$D16,H$4<=$E16,WEEKDAY(H$4,2)<=5,COUNTIF('Sources & Change Log'!$J$2:$J$5,H$4)=0,COUNTIFS('Team Calendar'!$A$5:$A$12,$F16,'Team Calendar'!$C$5:$C$12,H$4)=0),1,"") | I16: =IF(AND(ISNUMBER($D16),ISNUMBER($E16),I$4>=$D16,I$4<=$E16,WEEKDAY(I$4,2)<=5,COUNTIF('Sources & Change Log'!$J$2:$J$5,I$4)=0,COUNTIFS('Team Calendar'!$A$5:$A$12,$F16,'Team Calendar'!$C$5:$C$12,I$4)=0),1,"") | J16: =IF(AND(ISNUMBER($D16),ISNUMBER($E16),J$4>=$D16,J$4<=$E16,WEEKDAY(J$4,2)<=5,COUNTIF('Sources & Change Log'!$J$2:$J$5,J$4)=0,COUNTIFS('Team Calendar'!$A$5:$A$12,$F16,'Team Calendar'!$C$5:$C$12,J$4)=0),1,"") | K16: =IF(AND(ISNUMBER($D16),ISNUMBER($E16),K$4>=$D16,K$4<=$E16,WEEKDAY(K$4,2)<=5,COUNTIF('Sources & Change Log'!$J$2:$J$5,K$4)=0,COUNTIFS('Team Calendar'!$A$5:$A$12,$F16,'Team Calendar'!$C$5:$C$12,K$4)=0),1,"") | L16: =IF(AND(ISNUMBER($D16),ISNUMBER($E16),L$4>=$D16,L$4<=$E16,WEEKDAY(L$4,2)<=5,COUNTIF('Sources & Change Log'!$J$2:$J$5,L$4)=0,COUNTIFS('Team Calendar'!$A$5:$A$12,$F16,'Team Calendar'!$C$5:$C$12,L$4)=0),1,"") | M16: =IF(AND(ISNUMBER($D16),ISNUMBER($E16),M$4>=$D16,M$4<=$E16,WEEKDAY(M$4,2)<=5,COUNTIF('Sources & Change Log'!$J$2:$J$5,M$4)=0,COUNTIFS('Team Calendar'!$A$5:$A$12,$F16,'Team Calendar'!$C$5:$C$12,M$4)=0),1,"") | N16: =IF(AND(ISNUMBER($D16),ISNUMBER($E16),N$4>=$D16,N$4<=$E16,WEEKDAY(N$4,2)<=5,COUNTIF('Sources & Change Log'!$J$2:$J$5,N$4)=0,COUNTIFS('Team Calendar'!$A$5:$A$12,$F16,'Team Calendar'!$C$5:$C$12,N$4)=0),1,"") | ... AI16: =IF(AND(ISNUMBER($D16),ISNUMBER($E16),AI$4>=$D16,AI$4<=$E16,WEEKDAY(AI$4,2)<=5,COUNTIF('Sources & Change Log'!$J$2:$J$5,AI$4)=0,COUNTIFS('Team Calendar'!$A$5:$A$12,$F16,'Team Calendar'!$C$5:$C$12,AI$4)=0),1,"")
A17: =WBS!A15 | B17: =WBS!B15 | C17: =WBS!G15 | D17: =IF(WBS!H15="","",WBS!H15) | E17: =IF(WBS!I15="","",WBS!I15) | F17: =WBS!L15 | G17: =IF(AND(ISNUMBER($D17),ISNUMBER($E17),G$4>=$D17,G$4<=$E17,WEEKDAY(G$4,2)<=5,COUNTIF('Sources & Change Log'!$J$2:$J$5,G$4)=0,COUNTIFS('Team Calendar'!$A$5:$A$12,$F17,'Team Calendar'!$C$5:$C$12,G$4)=0),1,"") | H17: =IF(AND(ISNUMBER($D17),ISNUMBER($E17),H$4>=$D17,H$4<=$E17,WEEKDAY(H$4,2)<=5,COUNTIF('Sources & Change Log'!$J$2:$J$5,H$4)=0,COUNTIFS('Team Calendar'!$A$5:$A$12,$F17,'Team Calendar'!$C$5:$C$12,H$4)=0),1,"") | I17: =IF(AND(ISNUMBER($D17),ISNUMBER($E17),I$4>=$D17,I$4<=$E17,WEEKDAY(I$4,2)<=5,COUNTIF('Sources & Change Log'!$J$2:$J$5,I$4)=0,COUNTIFS('Team Calendar'!$A$5:$A$12,$F17,'Team Calendar'!$C$5:$C$12,I$4)=0),1,"") | J17: =IF(AND(ISNUMBER($D17),ISNUMBER($E17),J$4>=$D17,J$4<=$E17,WEEKDAY(J$4,2)<=5,COUNTIF('Sources & Change Log'!$J$2:$J$5,J$4)=0,COUNTIFS('Team Calendar'!$A$5:$A$12,$F17,'Team Calendar'!$C$5:$C$12,J$4)=0),1,"") | K17: =IF(AND(ISNUMBER($D17),ISNUMBER($E17),K$4>=$D17,K$4<=$E17,WEEKDAY(K$4,2)<=5,COUNTIF('Sources & Change Log'!$J$2:$J$5,K$4)=0,COUNTIFS('Team Calendar'!$A$5:$A$12,$F17,'Team Calendar'!$C$5:$C$12,K$4)=0),1,"") | L17: =IF(AND(ISNUMBER($D17),ISNUMBER($E17),L$4>=$D17,L$4<=$E17,WEEKDAY(L$4,2)<=5,COUNTIF('Sources & Change Log'!$J$2:$J$5,L$4)=0,COUNTIFS('Team Calendar'!$A$5:$A$12,$F17,'Team Calendar'!$C$5:$C$12,L$4)=0),1,"") | M17: =IF(AND(ISNUMBER($D17),ISNUMBER($E17),M$4>=$D17,M$4<=$E17,WEEKDAY(M$4,2)<=5,COUNTIF('Sources & Change Log'!$J$2:$J$5,M$4)=0,COUNTIFS('Team Calendar'!$A$5:$A$12,$F17,'Team Calendar'!$C$5:$C$12,M$4)=0),1,"") | N17: =IF(AND(ISNUMBER($D17),ISNUMBER($E17),N$4>=$D17,N$4<=$E17,WEEKDAY(N$4,2)<=5,COUNTIF('Sources & Change Log'!$J$2:$J$5,N$4)=0,COUNTIFS('Team Calendar'!$A$5:$A$12,$F17,'Team Calendar'!$C$5:$C$12,N$4)=0),1,"") | ... AI17: =IF(AND(ISNUMBER($D17),ISNUMBER($E17),AI$4>=$D17,AI$4<=$E17,WEEKDAY(AI$4,2)<=5,COUNTIF('Sources & Change Log'!$J$2:$J$5,AI$4)=0,COUNTIFS('Team Calendar'!$A$5:$A$12,$F17,'Team Calendar'!$C$5:$C$12,AI$4)=0),1,"")
A18: =WBS!A17 | B18: =WBS!B17 | C18: =WBS!G17 | D18: =IF(WBS!H17="","",WBS!H17) | E18: =IF(WBS!I17="","",WBS!I17) | F18: =WBS!L17 | G18: =IF(AND(ISNUMBER($D18),ISNUMBER($E18),G$4>=$D18,G$4<=$E18,WEEKDAY(G$4,2)<=5,COUNTIF('Sources & Change Log'!$J$2:$J$5,G$4)=0,COUNTIFS('Team Calendar'!$A$5:$A$12,$F18,'Team Calendar'!$C$5:$C$12,G$4)=0),1,"") | H18: =IF(AND(ISNUMBER($D18),ISNUMBER($E18),H$4>=$D18,H$4<=$E18,WEEKDAY(H$4,2)<=5,COUNTIF('Sources & Change Log'!$J$2:$J$5,H$4)=0,COUNTIFS('Team Calendar'!$A$5:$A$12,$F18,'Team Calendar'!$C$5:$C$12,H$4)=0),1,"") | I18: =IF(AND(ISNUMBER($D18),ISNUMBER($E18),I$4>=$D18,I$4<=$E18,WEEKDAY(I$4,2)<=5,COUNTIF('Sources & Change Log'!$J$2:$J$5,I$4)=0,COUNTIFS('Team Calendar'!$A$5:$A$12,$F18,'Team Calendar'!$C$5:$C$12,I$4)=0),1,"") | J18: =IF(AND(ISNUMBER($D18),ISNUMBER($E18),J$4>=$D18,J$4<=$E18,WEEKDAY(J$4,2)<=5,COUNTIF('Sources & Change Log'!$J$2:$J$5,J$4)=0,COUNTIFS('Team Calendar'!$A$5:$A$12,$F18,'Team Calendar'!$C$5:$C$12,J$4)=0),1,"") | K18: =IF(AND(ISNUMBER($D18),ISNUMBER($E18),K$4>=$D18,K$4<=$E18,WEEKDAY(K$4,2)<=5,COUNTIF('Sources & Change Log'!$J$2:$J$5,K$4)=0,COUNTIFS('Team Calendar'!$A$5:$A$12,$F18,'Team Calendar'!$C$5:$C$12,K$4)=0),1,"") | L18: =IF(AND(ISNUMBER($D18),ISNUMBER($E18),L$4>=$D18,L$4<=$E18,WEEKDAY(L$4,2)<=5,COUNTIF('Sources & Change Log'!$J$2:$J$5,L$4)=0,COUNTIFS('Team Calendar'!$A$5:$A$12,$F18,'Team Calendar'!$C$5:$C$12,L$4)=0),1,"") | M18: =IF(AND(ISNUMBER($D18),ISNUMBER($E18),M$4>=$D18,M$4<=$E18,WEEKDAY(M$4,2)<=5,COUNTIF('Sources & Change Log'!$J$2:$J$5,M$4)=0,COUNTIFS('Team Calendar'!$A$5:$A$12,$F18,'Team Calendar'!$C$5:$C$12,M$4)=0),1,"") | N18: =IF(AND(ISNUMBER($D18),ISNUMBER($E18),N$4>=$D18,N$4<=$E18,WEEKDAY(N$4,2)<=5,COUNTIF('Sources & Change Log'!$J$2:$J$5,N$4)=0,COUNTIFS('Team Calendar'!$A$5:$A$12,$F18,'Team Calendar'!$C$5:$C$12,N$4)=0),1,"") | ... AI18: =IF(AND(ISNUMBER($D18),ISNUMBER($E18),AI$4>=$D18,AI$4<=$E18,WEEKDAY(AI$4,2)<=5,COUNTIF('Sources & Change Log'!$J$2:$J$5,AI$4)=0,COUNTIFS('Team Calendar'!$A$5:$A$12,$F18,'Team Calendar'!$C$5:$C$12,AI$4)=0),1,"")
A19: =WBS!A18 | B19: =WBS!B18 | C19: =WBS!G18 | D19: =IF(WBS!H18="","",WBS!H18) | E19: =IF(WBS!I18="","",WBS!I18) | F19: =WBS!L18 | G19: =IF(AND(ISNUMBER($D19),ISNUMBER($E19),G$4>=$D19,G$4<=$E19,WEEKDAY(G$4,2)<=5,COUNTIF('Sources & Change Log'!$J$2:$J$5,G$4)=0,COUNTIFS('Team Calendar'!$A$5:$A$12,$F19,'Team Calendar'!$C$5:$C$12,G$4)=0),1,"") | H19: =IF(AND(ISNUMBER($D19),ISNUMBER($E19),H$4>=$D19,H$4<=$E19,WEEKDAY(H$4,2)<=5,COUNTIF('Sources & Change Log'!$J$2:$J$5,H$4)=0,COUNTIFS('Team Calendar'!$A$5:$A$12,$F19,'Team Calendar'!$C$5:$C$12,H$4)=0),1,"") | I19: =IF(AND(ISNUMBER($D19),ISNUMBER($E19),I$4>=$D19,I$4<=$E19,WEEKDAY(I$4,2)<=5,COUNTIF('Sources & Change Log'!$J$2:$J$5,I$4)=0,COUNTIFS('Team Calendar'!$A$5:$A$12,$F19,'Team Calendar'!$C$5:$C$12,I$4)=0),1,"") | J19: =IF(AND(ISNUMBER($D19),ISNUMBER($E19),J$4>=$D19,J$4<=$E19,WEEKDAY(J$4,2)<=5,COUNTIF('Sources & Change Log'!$J$2:$J$5,J$4)=0,COUNTIFS('Team Calendar'!$A$5:$A$12,$F19,'Team Calendar'!$C$5:$C$12,J$4)=0),1,"") | K19: =IF(AND(ISNUMBER($D19),ISNUMBER($E19),K$4>=$D19,K$4<=$E19,WEEKDAY(K$4,2)<=5,COUNTIF('Sources & Change Log'!$J$2:$J$5,K$4)=0,COUNTIFS('Team Calendar'!$A$5:$A$12,$F19,'Team Calendar'!$C$5:$C$12,K$4)=0),1,"") | L19: =IF(AND(ISNUMBER($D19),ISNUMBER($E19),L$4>=$D19,L$4<=$E19,WEEKDAY(L$4,2)<=5,COUNTIF('Sources & Change Log'!$J$2:$J$5,L$4)=0,COUNTIFS('Team Calendar'!$A$5:$A$12,$F19,'Team Calendar'!$C$5:$C$12,L$4)=0),1,"") | M19: =IF(AND(ISNUMBER($D19),ISNUMBER($E19),M$4>=$D19,M$4<=$E19,WEEKDAY(M$4,2)<=5,COUNTIF('Sources & Change Log'!$J$2:$J$5,M$4)=0,COUNTIFS('Team Calendar'!$A$5:$A$12,$F19,'Team Calendar'!$C$5:$C$12,M$4)=0),1,"") | N19: =IF(AND(ISNUMBER($D19),ISNUMBER($E19),N$4>=$D19,N$4<=$E19,WEEKDAY(N$4,2)<=5,COUNTIF('Sources & Change Log'!$J$2:$J$5,N$4)=0,COUNTIFS('Team Calendar'!$A$5:$A$12,$F19,'Team Calendar'!$C$5:$C$12,N$4)=0),1,"") | ... AI19: =IF(AND(ISNUMBER($D19),ISNUMBER($E19),AI$4>=$D19,AI$4<=$E19,WEEKDAY(AI$4,2)<=5,COUNTIF('Sources & Change Log'!$J$2:$J$5,AI$4)=0,COUNTIFS('Team Calendar'!$A$5:$A$12,$F19,'Team Calendar'!$C$5:$C$12,AI$4)=0),1,"")
A20: =WBS!A19 | B20: =WBS!B19 | C20: =WBS!G19 | D20: =IF(WBS!H19="","",WBS!H19) | E20: =IF(WBS!I19="","",WBS!I19) | F20: =WBS!L19 | G20: =IF(AND(ISNUMBER($D20),ISNUMBER($E20),G$4>=$D20,G$4<=$E20,WEEKDAY(G$4,2)<=5,COUNTIF('Sources & Change Log'!$J$2:$J$5,G$4)=0,COUNTIFS('Team Calendar'!$A$5:$A$12,$F20,'Team Calendar'!$C$5:$C$12,G$4)=0),1,"") | H20: =IF(AND(ISNUMBER($D20),ISNUMBER($E20),H$4>=$D20,H$4<=$E20,WEEKDAY(H$4,2)<=5,COUNTIF('Sources & Change Log'!$J$2:$J$5,H$4)=0,COUNTIFS('Team Calendar'!$A$5:$A$12,$F20,'Team Calendar'!$C$5:$C$12,H$4)=0),1,"") | I20: =IF(AND(ISNUMBER($D20),ISNUMBER($E20),I$4>=$D20,I$4<=$E20,WEEKDAY(I$4,2)<=5,COUNTIF('Sources & Change Log'!$J$2:$J$5,I$4)=0,COUNTIFS('Team Calendar'!$A$5:$A$12,$F20,'Team Calendar'!$C$5:$C$12,I$4)=0),1,"") | J20: =IF(AND(ISNUMBER($D20),ISNUMBER($E20),J$4>=$D20,J$4<=$E20,WEEKDAY(J$4,2)<=5,COUNTIF('Sources & Change Log'!$J$2:$J$5,J$4)=0,COUNTIFS('Team Calendar'!$A$5:$A$12,$F20,'Team Calendar'!$C$5:$C$12,J$4)=0),1,"") | K20: =IF(AND(ISNUMBER($D20),ISNUMBER($E20),K$4>=$D20,K$4<=$E20,WEEKDAY(K$4,2)<=5,COUNTIF('Sources & Change Log'!$J$2:$J$5,K$4)=0,COUNTIFS('Team Calendar'!$A$5:$A$12,$F20,'Team Calendar'!$C$5:$C$12,K$4)=0),1,"") | L20: =IF(AND(ISNUMBER($D20),ISNUMBER($E20),L$4>=$D20,L$4<=$E20,WEEKDAY(L$4,2)<=5,COUNTIF('Sources & Change Log'!$J$2:$J$5,L$4)=0,COUNTIFS('Team Calendar'!$A$5:$A$12,$F20,'Team Calendar'!$C$5:$C$12,L$4)=0),1,"") | M20: =IF(AND(ISNUMBER($D20),ISNUMBER($E20),M$4>=$D20,M$4<=$E20,WEEKDAY(M$4,2)<=5,COUNTIF('Sources & Change Log'!$J$2:$J$5,M$4)=0,COUNTIFS('Team Calendar'!$A$5:$A$12,$F20,'Team Calendar'!$C$5:$C$12,M$4)=0),1,"") | N20: =IF(AND(ISNUMBER($D20),ISNUMBER($E20),N$4>=$D20,N$4<=$E20,WEEKDAY(N$4,2)<=5,COUNTIF('Sources & Change Log'!$J$2:$J$5,N$4)=0,COUNTIFS('Team Calendar'!$A$5:$A$12,$F20,'Team Calendar'!$C$5:$C$12,N$4)=0),1,"") | ... AI20: =IF(AND(ISNUMBER($D20),ISNUMBER($E20),AI$4>=$D20,AI$4<=$E20,WEEKDAY(AI$4,2)<=5,COUNTIF('Sources & Change Log'!$J$2:$J$5,AI$4)=0,COUNTIFS('Team Calendar'!$A$5:$A$12,$F20,'Team Calendar'!$C$5:$C$12,AI$4)=0),1,"")
A21: =WBS!A20 | B21: =WBS!B20 | C21: =WBS!G20 | D21: =IF(WBS!H20="","",WBS!H20) | E21: =IF(WBS!I20="","",WBS!I20) | F21: =WBS!L20 | G21: =IF(AND(ISNUMBER($D21),ISNUMBER($E21),G$4>=$D21,G$4<=$E21,WEEKDAY(G$4,2)<=5,COUNTIF('Sources & Change Log'!$J$2:$J$5,G$4)=0,COUNTIFS('Team Calendar'!$A$5:$A$12,$F21,'Team Calendar'!$C$5:$C$12,G$4)=0),1,"") | H21: =IF(AND(ISNUMBER($D21),ISNUMBER($E21),H$4>=$D21,H$4<=$E21,WEEKDAY(H$4,2)<=5,COUNTIF('Sources & Change Log'!$J$2:$J$5,H$4)=0,COUNTIFS('Team Calendar'!$A$5:$A$12,$F21,'Team Calendar'!$C$5:$C$12,H$4)=0),1,"") | I21: =IF(AND(ISNUMBER($D21),ISNUMBER($E21),I$4>=$D21,I$4<=$E21,WEEKDAY(I$4,2)<=5,COUNTIF('Sources & Change Log'!$J$2:$J$5,I$4)=0,COUNTIFS('Team Calendar'!$A$5:$A$12,$F21,'Team Calendar'!$C$5:$C$12,I$4)=0),1,"") | J21: =IF(AND(ISNUMBER($D21),ISNUMBER($E21),J$4>=$D21,J$4<=$E21,WEEKDAY(J$4,2)<=5,COUNTIF('Sources & Change Log'!$J$2:$J$5,J$4)=0,COUNTIFS('Team Calendar'!$A$5:$A$12,$F21,'Team Calendar'!$C$5:$C$12,J$4)=0),1,"") | K21: =IF(AND(ISNUMBER($D21),ISNUMBER($E21),K$4>=$D21,K$4<=$E21,WEEKDAY(K$4,2)<=5,COUNTIF('Sources & Change Log'!$J$2:$J$5,K$4)=0,COUNTIFS('Team Calendar'!$A$5:$A$12,$F21,'Team Calendar'!$C$5:$C$12,K$4)=0),1,"") | L21: =IF(AND(ISNUMBER($D21),ISNUMBER($E21),L$4>=$D21,L$4<=$E21,WEEKDAY(L$4,2)<=5,COUNTIF('Sources & Change Log'!$J$2:$J$5,L$4)=0,COUNTIFS('Team Calendar'!$A$5:$A$12,$F21,'Team Calendar'!$C$5:$C$12,L$4)=0),1,"") | M21: =IF(AND(ISNUMBER($D21),ISNUMBER($E21),M$4>=$D21,M$4<=$E21,WEEKDAY(M$4,2)<=5,COUNTIF('Sources & Change Log'!$J$2:$J$5,M$4)=0,COUNTIFS('Team Calendar'!$A$5:$A$12,$F21,'Team Calendar'!$C$5:$C$12,M$4)=0),1,"") | N21: =IF(AND(ISNUMBER($D21),ISNUMBER($E21),N$4>=$D21,N$4<=$E21,WEEKDAY(N$4,2)<=5,COUNTIF('Sources & Change Log'!$J$2:$J$5,N$4)=0,COUNTIFS('Team Calendar'!$A$5:$A$12,$F21,'Team Calendar'!$C$5:$C$12,N$4)=0),1,"") | ... AI21: =IF(AND(ISNUMBER($D21),ISNUMBER($E21),AI$4>=$D21,AI$4<=$E21,WEEKDAY(AI$4,2)<=5,COUNTIF('Sources & Change Log'!$J$2:$J$5,AI$4)=0,COUNTIFS('Team Calendar'!$A$5:$A$12,$F21,'Team Calendar'!$C$5:$C$12,AI$4)=0),1,"")
A22: =WBS!A21 | B22: =WBS!B21 | C22: =WBS!G21 | D22: =IF(WBS!H21="","",WBS!H21) | E22: =IF(WBS!I21="","",WBS!I21) | F22: =WBS!L21 | G22: =IF(AND(ISNUMBER($D22),ISNUMBER($E22),G$4>=$D22,G$4<=$E22,WEEKDAY(G$4,2)<=5,COUNTIF('Sources & Change Log'!$J$2:$J$5,G$4)=0,COUNTIFS('Team Calendar'!$A$5:$A$12,$F22,'Team Calendar'!$C$5:$C$12,G$4)=0),1,"") | H22: =IF(AND(ISNUMBER($D22),ISNUMBER($E22),H$4>=$D22,H$4<=$E22,WEEKDAY(H$4,2)<=5,COUNTIF('Sources & Change Log'!$J$2:$J$5,H$4)=0,COUNTIFS('Team Calendar'!$A$5:$A$12,$F22,'Team Calendar'!$C$5:$C$12,H$4)=0),1,"") | I22: =IF(AND(ISNUMBER($D22),ISNUMBER($E22),I$4>=$D22,I$4<=$E22,WEEKDAY(I$4,2)<=5,COUNTIF('Sources & Change Log'!$J$2:$J$5,I$4)=0,COUNTIFS('Team Calendar'!$A$5:$A$12,$F22,'Team Calendar'!$C$5:$C$12,I$4)=0),1,"") | J22: =IF(AND(ISNUMBER($D22),ISNUMBER($E22),J$4>=$D22,J$4<=$E22,WEEKDAY(J$4,2)<=5,COUNTIF('Sources & Change Log'!$J$2:$J$5,J$4)=0,COUNTIFS('Team Calendar'!$A$5:$A$12,$F22,'Team Calendar'!$C$5:$C$12,J$4)=0),1,"") | K22: =IF(AND(ISNUMBER($D22),ISNUMBER($E22),K$4>=$D22,K$4<=$E22,WEEKDAY(K$4,2)<=5,COUNTIF('Sources & Change Log'!$J$2:$J$5,K$4)=0,COUNTIFS('Team Calendar'!$A$5:$A$12,$F22,'Team Calendar'!$C$5:$C$12,K$4)=0),1,"") | L22: =IF(AND(ISNUMBER($D22),ISNUMBER($E22),L$4>=$D22,L$4<=$E22,WEEKDAY(L$4,2)<=5,COUNTIF('Sources & Change Log'!$J$2:$J$5,L$4)=0,COUNTIFS('Team Calendar'!$A$5:$A$12,$F22,'Team Calendar'!$C$5:$C$12,L$4)=0),1,"") | M22: =IF(AND(ISNUMBER($D22),ISNUMBER($E22),M$4>=$D22,M$4<=$E22,WEEKDAY(M$4,2)<=5,COUNTIF('Sources & Change Log'!$J$2:$J$5,M$4)=0,COUNTIFS('Team Calendar'!$A$5:$A$12,$F22,'Team Calendar'!$C$5:$C$12,M$4)=0),1,"") | N22: =IF(AND(ISNUMBER($D22),ISNUMBER($E22),N$4>=$D22,N$4<=$E22,WEEKDAY(N$4,2)<=5,COUNTIF('Sources & Change Log'!$J$2:$J$5,N$4)=0,COUNTIFS('Team Calendar'!$A$5:$A$12,$F22,'Team Calendar'!$C$5:$C$12,N$4)=0),1,"") | ... AI22: =IF(AND(ISNUMBER($D22),ISNUMBER($E22),AI$4>=$D22,AI$4<=$E22,WEEKDAY(AI$4,2)<=5,COUNTIF('Sources & Change Log'!$J$2:$J$5,AI$4)=0,COUNTIFS('Team Calendar'!$A$5:$A$12,$F22,'Team Calendar'!$C$5:$C$12,AI$4)=0),1,"")
A23: =WBS!A22 | B23: =WBS!B22 | C23: =WBS!G22 | D23: =IF(WBS!H22="","",WBS!H22) | E23: =IF(WBS!I22="","",WBS!I22) | F23: =WBS!L22 | G23: =IF(AND(ISNUMBER($D23),ISNUMBER($E23),G$4>=$D23,G$4<=$E23,WEEKDAY(G$4,2)<=5,COUNTIF('Sources & Change Log'!$J$2:$J$5,G$4)=0,COUNTIFS('Team Calendar'!$A$5:$A$12,$F23,'Team Calendar'!$C$5:$C$12,G$4)=0),1,"") | H23: =IF(AND(ISNUMBER($D23),ISNUMBER($E23),H$4>=$D23,H$4<=$E23,WEEKDAY(H$4,2)<=5,COUNTIF('Sources & Change Log'!$J$2:$J$5,H$4)=0,COUNTIFS('Team Calendar'!$A$5:$A$12,$F23,'Team Calendar'!$C$5:$C$12,H$4)=0),1,"") | I23: =IF(AND(ISNUMBER($D23),ISNUMBER($E23),I$4>=$D23,I$4<=$E23,WEEKDAY(I$4,2)<=5,COUNTIF('Sources & Change Log'!$J$2:$J$5,I$4)=0,COUNTIFS('Team Calendar'!$A$5:$A$12,$F23,'Team Calendar'!$C$5:$C$12,I$4)=0),1,"") | J23: =IF(AND(ISNUMBER($D23),ISNUMBER($E23),J$4>=$D23,J$4<=$E23,WEEKDAY(J$4,2)<=5,COUNTIF('Sources & Change Log'!$J$2:$J$5,J$4)=0,COUNTIFS('Team Calendar'!$A$5:$A$12,$F23,'Team Calendar'!$C$5:$C$12,J$4)=0),1,"") | K23: =IF(AND(ISNUMBER($D23),ISNUMBER($E23),K$4>=$D23,K$4<=$E23,WEEKDAY(K$4,2)<=5,COUNTIF('Sources & Change Log'!$J$2:$J$5,K$4)=0,COUNTIFS('Team Calendar'!$A$5:$A$12,$F23,'Team Calendar'!$C$5:$C$12,K$4)=0),1,"") | L23: =IF(AND(ISNUMBER($D23),ISNUMBER($E23),L$4>=$D23,L$4<=$E23,WEEKDAY(L$4,2)<=5,COUNTIF('Sources & Change Log'!$J$2:$J$5,L$4)=0,COUNTIFS('Team Calendar'!$A$5:$A$12,$F23,'Team Calendar'!$C$5:$C$12,L$4)=0),1,"") | M23: =IF(AND(ISNUMBER($D23),ISNUMBER($E23),M$4>=$D23,M$4<=$E23,WEEKDAY(M$4,2)<=5,COUNTIF('Sources & Change Log'!$J$2:$J$5,M$4)=0,COUNTIFS('Team Calendar'!$A$5:$A$12,$F23,'Team Calendar'!$C$5:$C$12,M$4)=0),1,"") | N23: =IF(AND(ISNUMBER($D23),ISNUMBER($E23),N$4>=$D23,N$4<=$E23,WEEKDAY(N$4,2)<=5,COUNTIF('Sources & Change Log'!$J$2:$J$5,N$4)=0,COUNTIFS('Team Calendar'!$A$5:$A$12,$F23,'Team Calendar'!$C$5:$C$12,N$4)=0),1,"") | ... AI23: =IF(AND(ISNUMBER($D23),ISNUMBER($E23),AI$4>=$D23,AI$4<=$E23,WEEKDAY(AI$4,2)<=5,COUNTIF('Sources & Change Log'!$J$2:$J$5,AI$4)=0,COUNTIFS('Team Calendar'!$A$5:$A$12,$F23,'Team Calendar'!$C$5:$C$12,AI$4)=0),1,"")
A24: =WBS!A23 | B24: =WBS!B23 | C24: =WBS!G23 | D24: =IF(WBS!H23="","",WBS!H23) | E24: =IF(WBS!I23="","",WBS!I23) | F24: =WBS!L23 | G24: =IF(AND(ISNUMBER($D24),ISNUMBER($E24),G$4>=$D24,G$4<=$E24,WEEKDAY(G$4,2)<=5,COUNTIF('Sources & Change Log'!$J$2:$J$5,G$4)=0,COUNTIFS('Team Calendar'!$A$5:$A$12,$F24,'Team Calendar'!$C$5:$C$12,G$4)=0),1,"") | H24: =IF(AND(ISNUMBER($D24),ISNUMBER($E24),H$4>=$D24,H$4<=$E24,WEEKDAY(H$4,2)<=5,COUNTIF('Sources & Change Log'!$J$2:$J$5,H$4)=0,COUNTIFS('Team Calendar'!$A$5:$A$12,$F24,'Team Calendar'!$C$5:$C$12,H$4)=0),1,"") | I24: =IF(AND(ISNUMBER($D24),ISNUMBER($E24),I$4>=$D24,I$4<=$E24,WEEKDAY(I$4,2)<=5,COUNTIF('Sources & Change Log'!$J$2:$J$5,I$4)=0,COUNTIFS('Team Calendar'!$A$5:$A$12,$F24,'Team Calendar'!$C$5:$C$12,I$4)=0),1,"") | J24: =IF(AND(ISNUMBER($D24),ISNUMBER($E24),J$4>=$D24,J$4<=$E24,WEEKDAY(J$4,2)<=5,COUNTIF('Sources & Change Log'!$J$2:$J$5,J$4)=0,COUNTIFS('Team Calendar'!$A$5:$A$12,$F24,'Team Calendar'!$C$5:$C$12,J$4)=0),1,"") | K24: =IF(AND(ISNUMBER($D24),ISNUMBER($E24),K$4>=$D24,K$4<=$E24,WEEKDAY(K$4,2)<=5,COUNTIF('Sources & Change Log'!$J$2:$J$5,K$4)=0,COUNTIFS('Team Calendar'!$A$5:$A$12,$F24,'Team Calendar'!$C$5:$C$12,K$4)=0),1,"") | L24: =IF(AND(ISNUMBER($D24),ISNUMBER($E24),L$4>=$D24,L$4<=$E24,WEEKDAY(L$4,2)<=5,COUNTIF('Sources & Change Log'!$J$2:$J$5,L$4)=0,COUNTIFS('Team Calendar'!$A$5:$A$12,$F24,'Team Calendar'!$C$5:$C$12,L$4)=0),1,"") | M24: =IF(AND(ISNUMBER($D24),ISNUMBER($E24),M$4>=$D24,M$4<=$E24,WEEKDAY(M$4,2)<=5,COUNTIF('Sources & Change Log'!$J$2:$J$5,M$4)=0,COUNTIFS('Team Calendar'!$A$5:$A$12,$F24,'Team Calendar'!$C$5:$C$12,M$4)=0),1,"") | N24: =IF(AND(ISNUMBER($D24),ISNUMBER($E24),N$4>=$D24,N$4<=$E24,WEEKDAY(N$4,2)<=5,COUNTIF('Sources & Change Log'!$J$2:$J$5,N$4)=0,COUNTIFS('Team Calendar'!$A$5:$A$12,$F24,'Team Calendar'!$C$5:$C$12,N$4)=0),1,"") | ... AI24: =IF(AND(ISNUMBER($D24),ISNUMBER($E24),AI$4>=$D24,AI$4<=$E24,WEEKDAY(AI$4,2)<=5,COUNTIF('Sources & Change Log'!$J$2:$J$5,AI$4)=0,COUNTIFS('Team Calendar'!$A$5:$A$12,$F24,'Team Calendar'!$C$5:$C$12,AI$4)=0),1,"")
A25: =WBS!A24 | B25: =WBS!B24 | C25: =WBS!G24 | D25: =IF(WBS!H24="","",WBS!H24) | E25: =IF(WBS!I24="","",WBS!I24) | F25: =WBS!L24 | G25: =IF(AND(ISNUMBER($D25),ISNUMBER($E25),G$4>=$D25,G$4<=$E25,WEEKDAY(G$4,2)<=5,COUNTIF('Sources & Change Log'!$J$2:$J$5,G$4)=0,COUNTIFS('Team Calendar'!$A$5:$A$12,$F25,'Team Calendar'!$C$5:$C$12,G$4)=0),1,"") | H25: =IF(AND(ISNUMBER($D25),ISNUMBER($E25),H$4>=$D25,H$4<=$E25,WEEKDAY(H$4,2)<=5,COUNTIF('Sources & Change Log'!$J$2:$J$5,H$4)=0,COUNTIFS('Team Calendar'!$A$5:$A$12,$F25,'Team Calendar'!$C$5:$C$12,H$4)=0),1,"") | I25: =IF(AND(ISNUMBER($D25),ISNUMBER($E25),I$4>=$D25,I$4<=$E25,WEEKDAY(I$4,2)<=5,COUNTIF('Sources & Change Log'!$J$2:$J$5,I$4)=0,COUNTIFS('Team Calendar'!$A$5:$A$12,$F25,'Team Calendar'!$C$5:$C$12,I$4)=0),1,"") | J25: =IF(AND(ISNUMBER($D25),ISNUMBER($E25),J$4>=$D25,J$4<=$E25,WEEKDAY(J$4,2)<=5,COUNTIF('Sources & Change Log'!$J$2:$J$5,J$4)=0,COUNTIFS('Team Calendar'!$A$5:$A$12,$F25,'Team Calendar'!$C$5:$C$12,J$4)=0),1,"") | K25: =IF(AND(ISNUMBER($D25),ISNUMBER($E25),K$4>=$D25,K$4<=$E25,WEEKDAY(K$4,2)<=5,COUNTIF('Sources & Change Log'!$J$2:$J$5,K$4)=0,COUNTIFS('Team Calendar'!$A$5:$A$12,$F25,'Team Calendar'!$C$5:$C$12,K$4)=0),1,"") | L25: =IF(AND(ISNUMBER($D25),ISNUMBER($E25),L$4>=$D25,L$4<=$E25,WEEKDAY(L$4,2)<=5,COUNTIF('Sources & Change Log'!$J$2:$J$5,L$4)=0,COUNTIFS('Team Calendar'!$A$5:$A$12,$F25,'Team Calendar'!$C$5:$C$12,L$4)=0),1,"") | M25: =IF(AND(ISNUMBER($D25),ISNUMBER($E25),M$4>=$D25,M$4<=$E25,WEEKDAY(M$4,2)<=5,COUNTIF('Sources & Change Log'!$J$2:$J$5,M$4)=0,COUNTIFS('Team Calendar'!$A$5:$A$12,$F25,'Team Calendar'!$C$5:$C$12,M$4)=0),1,"") | N25: =IF(AND(ISNUMBER($D25),ISNUMBER($E25),N$4>=$D25,N$4<=$E25,WEEKDAY(N$4,2)<=5,COUNTIF('Sources & Change Log'!$J$2:$J$5,N$4)=0,COUNTIFS('Team Calendar'!$A$5:$A$12,$F25,'Team Calendar'!$C$5:$C$12,N$4)=0),1,"") | ... AI25: =IF(AND(ISNUMBER($D25),ISNUMBER($E25),AI$4>=$D25,AI$4<=$E25,WEEKDAY(AI$4,2)<=5,COUNTIF('Sources & Change Log'!$J$2:$J$5,AI$4)=0,COUNTIFS('Team Calendar'!$A$5:$A$12,$F25,'Team Calendar'!$C$5:$C$12,AI$4)=0),1,"")
A26: =WBS!A25 | B26: =WBS!B25 | C26: =WBS!G25 | D26: =IF(WBS!H25="","",WBS!H25) | E26: =IF(WBS!I25="","",WBS!I25) | F26: =WBS!L25 | G26: =IF(AND(ISNUMBER($D26),ISNUMBER($E26),G$4>=$D26,G$4<=$E26,WEEKDAY(G$4,2)<=5,COUNTIF('Sources & Change Log'!$J$2:$J$5,G$4)=0,COUNTIFS('Team Calendar'!$A$5:$A$12,$F26,'Team Calendar'!$C$5:$C$12,G$4)=0),1,"") | H26: =IF(AND(ISNUMBER($D26),ISNUMBER($E26),H$4>=$D26,H$4<=$E26,WEEKDAY(H$4,2)<=5,COUNTIF('Sources & Change Log'!$J$2:$J$5,H$4)=0,COUNTIFS('Team Calendar'!$A$5:$A$12,$F26,'Team Calendar'!$C$5:$C$12,H$4)=0),1,"") | I26: =IF(AND(ISNUMBER($D26),ISNUMBER($E26),I$4>=$D26,I$4<=$E26,WEEKDAY(I$4,2)<=5,COUNTIF('Sources & Change Log'!$J$2:$J$5,I$4)=0,COUNTIFS('Team Calendar'!$A$5:$A$12,$F26,'Team Calendar'!$C$5:$C$12,I$4)=0),1,"") | J26: =IF(AND(ISNUMBER($D26),ISNUMBER($E26),J$4>=$D26,J$4<=$E26,WEEKDAY(J$4,2)<=5,COUNTIF('Sources & Change Log'!$J$2:$J$5,J$4)=0,COUNTIFS('Team Calendar'!$A$5:$A$12,$F26,'Team Calendar'!$C$5:$C$12,J$4)=0),1,"") | K26: =IF(AND(ISNUMBER($D26),ISNUMBER($E26),K$4>=$D26,K$4<=$E26,WEEKDAY(K$4,2)<=5,COUNTIF('Sources & Change Log'!$J$2:$J$5,K$4)=0,COUNTIFS('Team Calendar'!$A$5:$A$12,$F26,'Team Calendar'!$C$5:$C$12,K$4)=0),1,"") | L26: =IF(AND(ISNUMBER($D26),ISNUMBER($E26),L$4>=$D26,L$4<=$E26,WEEKDAY(L$4,2)<=5,COUNTIF('Sources & Change Log'!$J$2:$J$5,L$4)=0,COUNTIFS('Team Calendar'!$A$5:$A$12,$F26,'Team Calendar'!$C$5:$C$12,L$4)=0),1,"") | M26: =IF(AND(ISNUMBER($D26),ISNUMBER($E26),M$4>=$D26,M$4<=$E26,WEEKDAY(M$4,2)<=5,COUNTIF('Sources & Change Log'!$J$2:$J$5,M$4)=0,COUNTIFS('Team Calendar'!$A$5:$A$12,$F26,'Team Calendar'!$C$5:$C$12,M$4)=0),1,"") | N26: =IF(AND(ISNUMBER($D26),ISNUMBER($E26),N$4>=$D26,N$4<=$E26,WEEKDAY(N$4,2)<=5,COUNTIF('Sources & Change Log'!$J$2:$J$5,N$4)=0,COUNTIFS('Team Calendar'!$A$5:$A$12,$F26,'Team Calendar'!$C$5:$C$12,N$4)=0),1,"") | ... AI26: =IF(AND(ISNUMBER($D26),ISNUMBER($E26),AI$4>=$D26,AI$4<=$E26,WEEKDAY(AI$4,2)<=5,COUNTIF('Sources & Change Log'!$J$2:$J$5,AI$4)=0,COUNTIFS('Team Calendar'!$A$5:$A$12,$F26,'Team Calendar'!$C$5:$C$12,AI$4)=0),1,"")
A27: =WBS!A26 | B27: =WBS!B26 | C27: =WBS!G26 | D27: =IF(WBS!H26="","",WBS!H26) | E27: =IF(WBS!I26="","",WBS!I26) | F27: =WBS!L26 | G27: =IF(AND(ISNUMBER($D27),ISNUMBER($E27),G$4>=$D27,G$4<=$E27,WEEKDAY(G$4,2)<=5,COUNTIF('Sources & Change Log'!$J$2:$J$5,G$4)=0,COUNTIFS('Team Calendar'!$A$5:$A$12,$F27,'Team Calendar'!$C$5:$C$12,G$4)=0),1,"") | H27: =IF(AND(ISNUMBER($D27),ISNUMBER($E27),H$4>=$D27,H$4<=$E27,WEEKDAY(H$4,2)<=5,COUNTIF('Sources & Change Log'!$J$2:$J$5,H$4)=0,COUNTIFS('Team Calendar'!$A$5:$A$12,$F27,'Team Calendar'!$C$5:$C$12,H$4)=0),1,"") | I27: =IF(AND(ISNUMBER($D27),ISNUMBER($E27),I$4>=$D27,I$4<=$E27,WEEKDAY(I$4,2)<=5,COUNTIF('Sources & Change Log'!$J$2:$J$5,I$4)=0,COUNTIFS('Team Calendar'!$A$5:$A$12,$F27,'Team Calendar'!$C$5:$C$12,I$4)=0),1,"") | J27: =IF(AND(ISNUMBER($D27),ISNUMBER($E27),J$4>=$D27,J$4<=$E27,WEEKDAY(J$4,2)<=5,COUNTIF('Sources & Change Log'!$J$2:$J$5,J$4)=0,COUNTIFS('Team Calendar'!$A$5:$A$12,$F27,'Team Calendar'!$C$5:$C$12,J$4)=0),1,"") | K27: =IF(AND(ISNUMBER($D27),ISNUMBER($E27),K$4>=$D27,K$4<=$E27,WEEKDAY(K$4,2)<=5,COUNTIF('Sources & Change Log'!$J$2:$J$5,K$4)=0,COUNTIFS('Team Calendar'!$A$5:$A$12,$F27,'Team Calendar'!$C$5:$C$12,K$4)=0),1,"") | L27: =IF(AND(ISNUMBER($D27),ISNUMBER($E27),L$4>=$D27,L$4<=$E27,WEEKDAY(L$4,2)<=5,COUNTIF('Sources & Change Log'!$J$2:$J$5,L$4)=0,COUNTIFS('Team Calendar'!$A$5:$A$12,$F27,'Team Calendar'!$C$5:$C$12,L$4)=0),1,"") | M27: =IF(AND(ISNUMBER($D27),ISNUMBER($E27),M$4>=$D27,M$4<=$E27,WEEKDAY(M$4,2)<=5,COUNTIF('Sources & Change Log'!$J$2:$J$5,M$4)=0,COUNTIFS('Team Calendar'!$A$5:$A$12,$F27,'Team Calendar'!$C$5:$C$12,M$4)=0),1,"") | N27: =IF(AND(ISNUMBER($D27),ISNUMBER($E27),N$4>=$D27,N$4<=$E27,WEEKDAY(N$4,2)<=5,COUNTIF('Sources & Change Log'!$J$2:$J$5,N$4)=0,COUNTIFS('Team Calendar'!$A$5:$A$12,$F27,'Team Calendar'!$C$5:$C$12,N$4)=0),1,"") | ... AI27: =IF(AND(ISNUMBER($D27),ISNUMBER($E27),AI$4>=$D27,AI$4<=$E27,WEEKDAY(AI$4,2)<=5,COUNTIF('Sources & Change Log'!$J$2:$J$5,AI$4)=0,COUNTIFS('Team Calendar'!$A$5:$A$12,$F27,'Team Calendar'!$C$5:$C$12,AI$4)=0),1,"")
A28: =WBS!A27 | B28: =WBS!B27 | C28: =WBS!G27 | D28: =IF(WBS!H27="","",WBS!H27) | E28: =IF(WBS!I27="","",WBS!I27) | F28: =WBS!L27 | G28: =IF(AND(ISNUMBER($D28),ISNUMBER($E28),G$4>=$D28,G$4<=$E28,WEEKDAY(G$4,2)<=5,COUNTIF('Sources & Change Log'!$J$2:$J$5,G$4)=0,COUNTIFS('Team Calendar'!$A$5:$A$12,$F28,'Team Calendar'!$C$5:$C$12,G$4)=0),1,"") | H28: =IF(AND(ISNUMBER($D28),ISNUMBER($E28),H$4>=$D28,H$4<=$E28,WEEKDAY(H$4,2)<=5,COUNTIF('Sources & Change Log'!$J$2:$J$5,H$4)=0,COUNTIFS('Team Calendar'!$A$5:$A$12,$F28,'Team Calendar'!$C$5:$C$12,H$4)=0),1,"") | I28: =IF(AND(ISNUMBER($D28),ISNUMBER($E28),I$4>=$D28,I$4<=$E28,WEEKDAY(I$4,2)<=5,COUNTIF('Sources & Change Log'!$J$2:$J$5,I$4)=0,COUNTIFS('Team Calendar'!$A$5:$A$12,$F28,'Team Calendar'!$C$5:$C$12,I$4)=0),1,"") | J28: =IF(AND(ISNUMBER($D28),ISNUMBER($E28),J$4>=$D28,J$4<=$E28,WEEKDAY(J$4,2)<=5,COUNTIF('Sources & Change Log'!$J$2:$J$5,J$4)=0,COUNTIFS('Team Calendar'!$A$5:$A$12,$F28,'Team Calendar'!$C$5:$C$12,J$4)=0),1,"") | K28: =IF(AND(ISNUMBER($D28),ISNUMBER($E28),K$4>=$D28,K$4<=$E28,WEEKDAY(K$4,2)<=5,COUNTIF('Sources & Change Log'!$J$2:$J$5,K$4)=0,COUNTIFS('Team Calendar'!$A$5:$A$12,$F28,'Team Calendar'!$C$5:$C$12,K$4)=0),1,"") | L28: =IF(AND(ISNUMBER($D28),ISNUMBER($E28),L$4>=$D28,L$4<=$E28,WEEKDAY(L$4,2)<=5,COUNTIF('Sources & Change Log'!$J$2:$J$5,L$4)=0,COUNTIFS('Team Calendar'!$A$5:$A$12,$F28,'Team Calendar'!$C$5:$C$12,L$4)=0),1,"") | M28: =IF(AND(ISNUMBER($D28),ISNUMBER($E28),M$4>=$D28,M$4<=$E28,WEEKDAY(M$4,2)<=5,COUNTIF('Sources & Change Log'!$J$2:$J$5,M$4)=0,COUNTIFS('Team Calendar'!$A$5:$A$12,$F28,'Team Calendar'!$C$5:$C$12,M$4)=0),1,"") | N28: =IF(AND(ISNUMBER($D28),ISNUMBER($E28),N$4>=$D28,N$4<=$E28,WEEKDAY(N$4,2)<=5,COUNTIF('Sources & Change Log'!$J$2:$J$5,N$4)=0,COUNTIFS('Team Calendar'!$A$5:$A$12,$F28,'Team Calendar'!$C$5:$C$12,N$4)=0),1,"") | ... AI28: =IF(AND(ISNUMBER($D28),ISNUMBER($E28),AI$4>=$D28,AI$4<=$E28,WEEKDAY(AI$4,2)<=5,COUNTIF('Sources & Change Log'!$J$2:$J$5,AI$4)=0,COUNTIFS('Team Calendar'!$A$5:$A$12,$F28,'Team Calendar'!$C$5:$C$12,AI$4)=0),1,"")
A29: =WBS!A28 | B29: =WBS!B28 | C29: =WBS!G28 | D29: =IF(WBS!H28="","",WBS!H28) | E29: =IF(WBS!I28="","",WBS!I28) | F29: =WBS!L28 | G29: =IF(AND(ISNUMBER($D29),ISNUMBER($E29),G$4>=$D29,G$4<=$E29,WEEKDAY(G$4,2)<=5,COUNTIF('Sources & Change Log'!$J$2:$J$5,G$4)=0,COUNTIFS('Team Calendar'!$A$5:$A$12,$F29,'Team Calendar'!$C$5:$C$12,G$4)=0),1,"") | H29: =IF(AND(ISNUMBER($D29),ISNUMBER($E29),H$4>=$D29,H$4<=$E29,WEEKDAY(H$4,2)<=5,COUNTIF('Sources & Change Log'!$J$2:$J$5,H$4)=0,COUNTIFS('Team Calendar'!$A$5:$A$12,$F29,'Team Calendar'!$C$5:$C$12,H$4)=0),1,"") | I29: =IF(AND(ISNUMBER($D29),ISNUMBER($E29),I$4>=$D29,I$4<=$E29,WEEKDAY(I$4,2)<=5,COUNTIF('Sources & Change Log'!$J$2:$J$5,I$4)=0,COUNTIFS('Team Calendar'!$A$5:$A$12,$F29,'Team Calendar'!$C$5:$C$12,I$4)=0),1,"") | J29: =IF(AND(ISNUMBER($D29),ISNUMBER($E29),J$4>=$D29,J$4<=$E29,WEEKDAY(J$4,2)<=5,COUNTIF('Sources & Change Log'!$J$2:$J$5,J$4)=0,COUNTIFS('Team Calendar'!$A$5:$A$12,$F29,'Team Calendar'!$C$5:$C$12,J$4)=0),1,"") | K29: =IF(AND(ISNUMBER($D29),ISNUMBER($E29),K$4>=$D29,K$4<=$E29,WEEKDAY(K$4,2)<=5,COUNTIF('Sources & Change Log'!$J$2:$J$5,K$4)=0,COUNTIFS('Team Calendar'!$A$5:$A$12,$F29,'Team Calendar'!$C$5:$C$12,K$4)=0),1,"") | L29: =IF(AND(ISNUMBER($D29),ISNUMBER($E29),L$4>=$D29,L$4<=$E29,WEEKDAY(L$4,2)<=5,COUNTIF('Sources & Change Log'!$J$2:$J$5,L$4)=0,COUNTIFS('Team Calendar'!$A$5:$A$12,$F29,'Team Calendar'!$C$5:$C$12,L$4)=0),1,"") | M29: =IF(AND(ISNUMBER($D29),ISNUMBER($E29),M$4>=$D29,M$4<=$E29,WEEKDAY(M$4,2)<=5,COUNTIF('Sources & Change Log'!$J$2:$J$5,M$4)=0,COUNTIFS('Team Calendar'!$A$5:$A$12,$F29,'Team Calendar'!$C$5:$C$12,M$4)=0),1,"") | N29: =IF(AND(ISNUMBER($D29),ISNUMBER($E29),N$4>=$D29,N$4<=$E29,WEEKDAY(N$4,2)<=5,COUNTIF('Sources & Change Log'!$J$2:$J$5,N$4)=0,COUNTIFS('Team Calendar'!$A$5:$A$12,$F29,'Team Calendar'!$C$5:$C$12,N$4)=0),1,"") | ... AI29: =IF(AND(ISNUMBER($D29),ISNUMBER($E29),AI$4>=$D29,AI$4<=$E29,WEEKDAY(AI$4,2)<=5,COUNTIF('Sources & Change Log'!$J$2:$J$5,AI$4)=0,COUNTIFS('Team Calendar'!$A$5:$A$12,$F29,'Team Calendar'!$C$5:$C$12,AI$4)=0),1,"")
... A31: =WBS!A30 | B31: =WBS!B30 | C31: =WBS!G30 | D31: =IF(WBS!H30="","",WBS!H30) | E31: =IF(WBS!I30="","",WBS!I30) | F31: =WBS!L30 | G31: =IF(AND(ISNUMBER($D31),ISNUMBER($E31),G$4>=$D31,G$4<=$E31,WEEKDAY(G$4,2)<=5,COUNTIF('Sources & Change Log'!$J$2:$J$5,G$4)=0,COUNTIFS('Team Calendar'!$A$5:$A$12,$F31,'Team Calendar'!$C$5:$C$12,G$4)=0),1,"") | H31: =IF(AND(ISNUMBER($D31),ISNUMBER($E31),H$4>=$D31,H$4<=$E31,WEEKDAY(H$4,2)<=5,COUNTIF('Sources & Change Log'!$J$2:$J$5,H$4)=0,COUNTIFS('Team Calendar'!$A$5:$A$12,$F31,'Team Calendar'!$C$5:$C$12,H$4)=0),1,"") | I31: =IF(AND(ISNUMBER($D31),ISNUMBER($E31),I$4>=$D31,I$4<=$E31,WEEKDAY(I$4,2)<=5,COUNTIF('Sources & Change Log'!$J$2:$J$5,I$4)=0,COUNTIFS('Team Calendar'!$A$5:$A$12,$F31,'Team Calendar'!$C$5:$C$12,I$4)=0),1,"") | J31: =IF(AND(ISNUMBER($D31),ISNUMBER($E31),J$4>=$D31,J$4<=$E31,WEEKDAY(J$4,2)<=5,COUNTIF('Sources & Change Log'!$J$2:$J$5,J$4)=0,COUNTIFS('Team Calendar'!$A$5:$A$12,$F31,'Team Calendar'!$C$5:$C$12,J$4)=0),1,"") | K31: =IF(AND(ISNUMBER($D31),ISNUMBER($E31),K$4>=$D31,K$4<=$E31,WEEKDAY(K$4,2)<=5,COUNTIF('Sources & Change Log'!$J$2:$J$5,K$4)=0,COUNTIFS('Team Calendar'!$A$5:$A$12,$F31,'Team Calendar'!$C$5:$C$12,K$4)=0),1,"") | L31: =IF(AND(ISNUMBER($D31),ISNUMBER($E31),L$4>=$D31,L$4<=$E31,WEEKDAY(L$4,2)<=5,COUNTIF('Sources & Change Log'!$J$2:$J$5,L$4)=0,COUNTIFS('Team Calendar'!$A$5:$A$12,$F31,'Team Calendar'!$C$5:$C$12,L$4)=0),1,"") | M31: =IF(AND(ISNUMBER($D31),ISNUMBER($E31),M$4>=$D31,M$4<=$E31,WEEKDAY(M$4,2)<=5,COUNTIF('Sources & Change Log'!$J$2:$J$5,M$4)=0,COUNTIFS('Team Calendar'!$A$5:$A$12,$F31,'Team Calendar'!$C$5:$C$12,M$4)=0),1,"") | N31: =IF(AND(ISNUMBER($D31),ISNUMBER($E31),N$4>=$D31,N$4<=$E31,WEEKDAY(N$4,2)<=5,COUNTIF('Sources & Change Log'!$J$2:$J$5,N$4)=0,COUNTIFS('Team Calendar'!$A$5:$A$12,$F31,'Team Calendar'!$C$5:$C$12,N$4)=0),1,"") | ... AI31: =IF(AND(ISNUMBER($D31),ISNUMBER($E31),AI$4>=$D31,AI$4<=$E31,WEEKDAY(AI$4,2)<=5,COUNTIF('Sources & Change Log'!$J$2:$J$5,AI$4)=0,COUNTIFS('Team Calendar'!$A$5:$A$12,$F31,'Team Calendar'!$C$5:$C$12,AI$4)=0),1,"")
A32: =WBS!A56 | B32: =WBS!B56 | C32: =WBS!G56 | D32: =IF(WBS!H56="","",WBS!H56) | E32: =IF(WBS!I56="","",WBS!I56) | F32: =WBS!L56 | G32: =IF(AND(ISNUMBER($D32),ISNUMBER($E32),G$4>=$D32,G$4<=$E32,WEEKDAY(G$4,2)<=5,COUNTIF('Sources & Change Log'!$J$2:$J$5,G$4)=0,COUNTIFS('Team Calendar'!$A$5:$A$12,$F32,'Team Calendar'!$C$5:$C$12,G$4)=0),1,"") | H32: =IF(AND(ISNUMBER($D32),ISNUMBER($E32),H$4>=$D32,H$4<=$E32,WEEKDAY(H$4,2)<=5,COUNTIF('Sources & Change Log'!$J$2:$J$5,H$4)=0,COUNTIFS('Team Calendar'!$A$5:$A$12,$F32,'Team Calendar'!$C$5:$C$12,H$4)=0),1,"") | I32: =IF(AND(ISNUMBER($D32),ISNUMBER($E32),I$4>=$D32,I$4<=$E32,WEEKDAY(I$4,2)<=5,COUNTIF('Sources & Change Log'!$J$2:$J$5,I$4)=0,COUNTIFS('Team Calendar'!$A$5:$A$12,$F32,'Team Calendar'!$C$5:$C$12,I$4)=0),1,"") | J32: =IF(AND(ISNUMBER($D32),ISNUMBER($E32),J$4>=$D32,J$4<=$E32,WEEKDAY(J$4,2)<=5,COUNTIF('Sources & Change Log'!$J$2:$J$5,J$4)=0,COUNTIFS('Team Calendar'!$A$5:$A$12,$F32,'Team Calendar'!$C$5:$C$12,J$4)=0),1,"") | K32: =IF(AND(ISNUMBER($D32),ISNUMBER($E32),K$4>=$D32,K$4<=$E32,WEEKDAY(K$4,2)<=5,COUNTIF('Sources & Change Log'!$J$2:$J$5,K$4)=0,COUNTIFS('Team Calendar'!$A$5:$A$12,$F32,'Team Calendar'!$C$5:$C$12,K$4)=0),1,"") | L32: =IF(AND(ISNUMBER($D32),ISNUMBER($E32),L$4>=$D32,L$4<=$E32,WEEKDAY(L$4,2)<=5,COUNTIF('Sources & Change Log'!$J$2:$J$5,L$4)=0,COUNTIFS('Team Calendar'!$A$5:$A$12,$F32,'Team Calendar'!$C$5:$C$12,L$4)=0),1,"") | M32: =IF(AND(ISNUMBER($D32),ISNUMBER($E32),M$4>=$D32,M$4<=$E32,WEEKDAY(M$4,2)<=5,COUNTIF('Sources & Change Log'!$J$2:$J$5,M$4)=0,COUNTIFS('Team Calendar'!$A$5:$A$12,$F32,'Team Calendar'!$C$5:$C$12,M$4)=0),1,"") | N32: =IF(AND(ISNUMBER($D32),ISNUMBER($E32),N$4>=$D32,N$4<=$E32,WEEKDAY(N$4,2)<=5,COUNTIF('Sources & Change Log'!$J$2:$J$5,N$4)=0,COUNTIFS('Team Calendar'!$A$5:$A$12,$F32,'Team Calendar'!$C$5:$C$12,N$4)=0),1,"") | ... AI32: =IF(AND(ISNUMBER($D32),ISNUMBER($E32),AI$4>=$D32,AI$4<=$E32,WEEKDAY(AI$4,2)<=5,COUNTIF('Sources & Change Log'!$J$2:$J$5,AI$4)=0,COUNTIFS('Team Calendar'!$A$5:$A$12,$F32,'Team Calendar'!$C$5:$C$12,AI$4)=0),1,"")
A33: =WBS!A57 | B33: =WBS!B57 | C33: =WBS!G57 | D33: =IF(WBS!H57="","",WBS!H57) | E33: =IF(WBS!I57="","",WBS!I57) | F33: =WBS!L57 | G33: =IF(AND(ISNUMBER($D33),ISNUMBER($E33),G$4>=$D33,G$4<=$E33,WEEKDAY(G$4,2)<=5,COUNTIF('Sources & Change Log'!$J$2:$J$5,G$4)=0,COUNTIFS('Team Calendar'!$A$5:$A$12,$F33,'Team Calendar'!$C$5:$C$12,G$4)=0),1,"") | H33: =IF(AND(ISNUMBER($D33),ISNUMBER($E33),H$4>=$D33,H$4<=$E33,WEEKDAY(H$4,2)<=5,COUNTIF('Sources & Change Log'!$J$2:$J$5,H$4)=0,COUNTIFS('Team Calendar'!$A$5:$A$12,$F33,'Team Calendar'!$C$5:$C$12,H$4)=0),1,"") | I33: =IF(AND(ISNUMBER($D33),ISNUMBER($E33),I$4>=$D33,I$4<=$E33,WEEKDAY(I$4,2)<=5,COUNTIF('Sources & Change Log'!$J$2:$J$5,I$4)=0,COUNTIFS('Team Calendar'!$A$5:$A$12,$F33,'Team Calendar'!$C$5:$C$12,I$4)=0),1,"") | J33: =IF(AND(ISNUMBER($D33),ISNUMBER($E33),J$4>=$D33,J$4<=$E33,WEEKDAY(J$4,2)<=5,COUNTIF('Sources & Change Log'!$J$2:$J$5,J$4)=0,COUNTIFS('Team Calendar'!$A$5:$A$12,$F33,'Team Calendar'!$C$5:$C$12,J$4)=0),1,"") | K33: =IF(AND(ISNUMBER($D33),ISNUMBER($E33),K$4>=$D33,K$4<=$E33,WEEKDAY(K$4,2)<=5,COUNTIF('Sources & Change Log'!$J$2:$J$5,K$4)=0,COUNTIFS('Team Calendar'!$A$5:$A$12,$F33,'Team Calendar'!$C$5:$C$12,K$4)=0),1,"") | L33: =IF(AND(ISNUMBER($D33),ISNUMBER($E33),L$4>=$D33,L$4<=$E33,WEEKDAY(L$4,2)<=5,COUNTIF('Sources & Change Log'!$J$2:$J$5,L$4)=0,COUNTIFS('Team Calendar'!$A$5:$A$12,$F33,'Team Calendar'!$C$5:$C$12,L$4)=0),1,"") | M33: =IF(AND(ISNUMBER($D33),ISNUMBER($E33),M$4>=$D33,M$4<=$E33,WEEKDAY(M$4,2)<=5,COUNTIF('Sources & Change Log'!$J$2:$J$5,M$4)=0,COUNTIFS('Team Calendar'!$A$5:$A$12,$F33,'Team Calendar'!$C$5:$C$12,M$4)=0),1,"") | N33: =IF(AND(ISNUMBER($D33),ISNUMBER($E33),N$4>=$D33,N$4<=$E33,WEEKDAY(N$4,2)<=5,COUNTIF('Sources & Change Log'!$J$2:$J$5,N$4)=0,COUNTIFS('Team Calendar'!$A$5:$A$12,$F33,'Team Calendar'!$C$5:$C$12,N$4)=0),1,"") | ... AI33: =IF(AND(ISNUMBER($D33),ISNUMBER($E33),AI$4>=$D33,AI$4<=$E33,WEEKDAY(AI$4,2)<=5,COUNTIF('Sources & Change Log'!$J$2:$J$5,AI$4)=0,COUNTIFS('Team Calendar'!$A$5:$A$12,$F33,'Team Calendar'!$C$5:$C$12,AI$4)=0),1,"")
A34: =WBS!A58 | B34: =WBS!B58 | C34: =WBS!G58 | D34: =IF(WBS!H58="","",WBS!H58) | E34: =IF(WBS!I58="","",WBS!I58) | F34: =WBS!L58 | G34: =IF(AND(ISNUMBER($D34),ISNUMBER($E34),G$4>=$D34,G$4<=$E34,WEEKDAY(G$4,2)<=5,COUNTIF('Sources & Change Log'!$J$2:$J$5,G$4)=0,COUNTIFS('Team Calendar'!$A$5:$A$12,$F34,'Team Calendar'!$C$5:$C$12,G$4)=0),1,"") | H34: =IF(AND(ISNUMBER($D34),ISNUMBER($E34),H$4>=$D34,H$4<=$E34,WEEKDAY(H$4,2)<=5,COUNTIF('Sources & Change Log'!$J$2:$J$5,H$4)=0,COUNTIFS('Team Calendar'!$A$5:$A$12,$F34,'Team Calendar'!$C$5:$C$12,H$4)=0),1,"") | I34: =IF(AND(ISNUMBER($D34),ISNUMBER($E34),I$4>=$D34,I$4<=$E34,WEEKDAY(I$4,2)<=5,COUNTIF('Sources & Change Log'!$J$2:$J$5,I$4)=0,COUNTIFS('Team Calendar'!$A$5:$A$12,$F34,'Team Calendar'!$C$5:$C$12,I$4)=0),1,"") | J34: =IF(AND(ISNUMBER($D34),ISNUMBER($E34),J$4>=$D34,J$4<=$E34,WEEKDAY(J$4,2)<=5,COUNTIF('Sources & Change Log'!$J$2:$J$5,J$4)=0,COUNTIFS('Team Calendar'!$A$5:$A$12,$F34,'Team Calendar'!$C$5:$C$12,J$4)=0),1,"") | K34: =IF(AND(ISNUMBER($D34),ISNUMBER($E34),K$4>=$D34,K$4<=$E34,WEEKDAY(K$4,2)<=5,COUNTIF('Sources & Change Log'!$J$2:$J$5,K$4)=0,COUNTIFS('Team Calendar'!$A$5:$A$12,$F34,'Team Calendar'!$C$5:$C$12,K$4)=0),1,"") | L34: =IF(AND(ISNUMBER($D34),ISNUMBER($E34),L$4>=$D34,L$4<=$E34,WEEKDAY(L$4,2)<=5,COUNTIF('Sources & Change Log'!$J$2:$J$5,L$4)=0,COUNTIFS('Team Calendar'!$A$5:$A$12,$F34,'Team Calendar'!$C$5:$C$12,L$4)=0),1,"") | M34: =IF(AND(ISNUMBER($D34),ISNUMBER($E34),M$4>=$D34,M$4<=$E34,WEEKDAY(M$4,2)<=5,COUNTIF('Sources & Change Log'!$J$2:$J$5,M$4)=0,COUNTIFS('Team Calendar'!$A$5:$A$12,$F34,'Team Calendar'!$C$5:$C$12,M$4)=0),1,"") | N34: =IF(AND(ISNUMBER($D34),ISNUMBER($E34),N$4>=$D34,N$4<=$E34,WEEKDAY(N$4,2)<=5,COUNTIF('Sources & Change Log'!$J$2:$J$5,N$4)=0,COUNTIFS('Team Calendar'!$A$5:$A$12,$F34,'Team Calendar'!$C$5:$C$12,N$4)=0),1,"") | ... AI34: =IF(AND(ISNUMBER($D34),ISNUMBER($E34),AI$4>=$D34,AI$4<=$E34,WEEKDAY(AI$4,2)<=5,COUNTIF('Sources & Change Log'!$J$2:$J$5,AI$4)=0,COUNTIFS('Team Calendar'!$A$5:$A$12,$F34,'Team Calendar'!$C$5:$C$12,AI$4)=0),1,"")
A35: =WBS!A59 | B35: =WBS!B59 | C35: =WBS!G59 | D35: =IF(WBS!H59="","",WBS!H59) | E35: =IF(WBS!I59="","",WBS!I59) | F35: =WBS!L59 | G35: =IF(AND(ISNUMBER($D35),ISNUMBER($E35),G$4>=$D35,G$4<=$E35,WEEKDAY(G$4,2)<=5,COUNTIF('Sources & Change Log'!$J$2:$J$5,G$4)=0,COUNTIFS('Team Calendar'!$A$5:$A$12,$F35,'Team Calendar'!$C$5:$C$12,G$4)=0),1,"") | H35: =IF(AND(ISNUMBER($D35),ISNUMBER($E35),H$4>=$D35,H$4<=$E35,WEEKDAY(H$4,2)<=5,COUNTIF('Sources & Change Log'!$J$2:$J$5,H$4)=0,COUNTIFS('Team Calendar'!$A$5:$A$12,$F35,'Team Calendar'!$C$5:$C$12,H$4)=0),1,"") | I35: =IF(AND(ISNUMBER($D35),ISNUMBER($E35),I$4>=$D35,I$4<=$E35,WEEKDAY(I$4,2)<=5,COUNTIF('Sources & Change Log'!$J$2:$J$5,I$4)=0,COUNTIFS('Team Calendar'!$A$5:$A$12,$F35,'Team Calendar'!$C$5:$C$12,I$4)=0),1,"") | J35: =IF(AND(ISNUMBER($D35),ISNUMBER($E35),J$4>=$D35,J$4<=$E35,WEEKDAY(J$4,2)<=5,COUNTIF('Sources & Change Log'!$J$2:$J$5,J$4)=0,COUNTIFS('Team Calendar'!$A$5:$A$12,$F35,'Team Calendar'!$C$5:$C$12,J$4)=0),1,"") | K35: =IF(AND(ISNUMBER($D35),ISNUMBER($E35),K$4>=$D35,K$4<=$E35,WEEKDAY(K$4,2)<=5,COUNTIF('Sources & Change Log'!$J$2:$J$5,K$4)=0,COUNTIFS('Team Calendar'!$A$5:$A$12,$F35,'Team Calendar'!$C$5:$C$12,K$4)=0),1,"") | L35: =IF(AND(ISNUMBER($D35),ISNUMBER($E35),L$4>=$D35,L$4<=$E35,WEEKDAY(L$4,2)<=5,COUNTIF('Sources & Change Log'!$J$2:$J$5,L$4)=0,COUNTIFS('Team Calendar'!$A$5:$A$12,$F35,'Team Calendar'!$C$5:$C$12,L$4)=0),1,"") | M35: =IF(AND(ISNUMBER($D35),ISNUMBER($E35),M$4>=$D35,M$4<=$E35,WEEKDAY(M$4,2)<=5,COUNTIF('Sources & Change Log'!$J$2:$J$5,M$4)=0,COUNTIFS('Team Calendar'!$A$5:$A$12,$F35,'Team Calendar'!$C$5:$C$12,M$4)=0),1,"") | N35: =IF(AND(ISNUMBER($D35),ISNUMBER($E35),N$4>=$D35,N$4<=$E35,WEEKDAY(N$4,2)<=5,COUNTIF('Sources & Change Log'!$J$2:$J$5,N$4)=0,COUNTIFS('Team Calendar'!$A$5:$A$12,$F35,'Team Calendar'!$C$5:$C$12,N$4)=0),1,"") | ... AI35: =IF(AND(ISNUMBER($D35),ISNUMBER($E35),AI$4>=$D35,AI$4<=$E35,WEEKDAY(AI$4,2)<=5,COUNTIF('Sources & Change Log'!$J$2:$J$5,AI$4)=0,COUNTIFS('Team Calendar'!$A$5:$A$12,$F35,'Team Calendar'!$C$5:$C$12,AI$4)=0),1,"")
A36: =WBS!A60 | B36: =WBS!B60 | C36: =WBS!G60 | D36: =IF(WBS!H60="","",WBS!H60) | E36: =IF(WBS!I60="","",WBS!I60) | F36: =WBS!L60 | G36: =IF(AND(ISNUMBER($D36),ISNUMBER($E36),G$4>=$D36,G$4<=$E36,WEEKDAY(G$4,2)<=5,COUNTIF('Sources & Change Log'!$J$2:$J$5,G$4)=0,COUNTIFS('Team Calendar'!$A$5:$A$12,$F36,'Team Calendar'!$C$5:$C$12,G$4)=0),1,"") | H36: =IF(AND(ISNUMBER($D36),ISNUMBER($E36),H$4>=$D36,H$4<=$E36,WEEKDAY(H$4,2)<=5,COUNTIF('Sources & Change Log'!$J$2:$J$5,H$4)=0,COUNTIFS('Team Calendar'!$A$5:$A$12,$F36,'Team Calendar'!$C$5:$C$12,H$4)=0),1,"") | I36: =IF(AND(ISNUMBER($D36),ISNUMBER($E36),I$4>=$D36,I$4<=$E36,WEEKDAY(I$4,2)<=5,COUNTIF('Sources & Change Log'!$J$2:$J$5,I$4)=0,COUNTIFS('Team Calendar'!$A$5:$A$12,$F36,'Team Calendar'!$C$5:$C$12,I$4)=0),1,"") | J36: =IF(AND(ISNUMBER($D36),ISNUMBER($E36),J$4>=$D36,J$4<=$E36,WEEKDAY(J$4,2)<=5,COUNTIF('Sources & Change Log'!$J$2:$J$5,J$4)=0,COUNTIFS('Team Calendar'!$A$5:$A$12,$F36,'Team Calendar'!$C$5:$C$12,J$4)=0),1,"") | K36: =IF(AND(ISNUMBER($D36),ISNUMBER($E36),K$4>=$D36,K$4<=$E36,WEEKDAY(K$4,2)<=5,COUNTIF('Sources & Change Log'!$J$2:$J$5,K$4)=0,COUNTIFS('Team Calendar'!$A$5:$A$12,$F36,'Team Calendar'!$C$5:$C$12,K$4)=0),1,"") | L36: =IF(AND(ISNUMBER($D36),ISNUMBER($E36),L$4>=$D36,L$4<=$E36,WEEKDAY(L$4,2)<=5,COUNTIF('Sources & Change Log'!$J$2:$J$5,L$4)=0,COUNTIFS('Team Calendar'!$A$5:$A$12,$F36,'Team Calendar'!$C$5:$C$12,L$4)=0),1,"") | M36: =IF(AND(ISNUMBER($D36),ISNUMBER($E36),M$4>=$D36,M$4<=$E36,WEEKDAY(M$4,2)<=5,COUNTIF('Sources & Change Log'!$J$2:$J$5,M$4)=0,COUNTIFS('Team Calendar'!$A$5:$A$12,$F36,'Team Calendar'!$C$5:$C$12,M$4)=0),1,"") | N36: =IF(AND(ISNUMBER($D36),ISNUMBER($E36),N$4>=$D36,N$4<=$E36,WEEKDAY(N$4,2)<=5,COUNTIF('Sources & Change Log'!$J$2:$J$5,N$4)=0,COUNTIFS('Team Calendar'!$A$5:$A$12,$F36,'Team Calendar'!$C$5:$C$12,N$4)=0),1,"") | ... AI36: =IF(AND(ISNUMBER($D36),ISNUMBER($E36),AI$4>=$D36,AI$4<=$E36,WEEKDAY(AI$4,2)<=5,COUNTIF('Sources & Change Log'!$J$2:$J$5,AI$4)=0,COUNTIFS('Team Calendar'!$A$5:$A$12,$F36,'Team Calendar'!$C$5:$C$12,AI$4)=0),1,"")
A37: =WBS!A61 | B37: =WBS!B61 | C37: =WBS!G61 | D37: =IF(WBS!H61="","",WBS!H61) | E37: =IF(WBS!I61="","",WBS!I61) | F37: =WBS!L61 | G37: =IF(AND(ISNUMBER($D37),ISNUMBER($E37),G$4>=$D37,G$4<=$E37,WEEKDAY(G$4,2)<=5,COUNTIF('Sources & Change Log'!$J$2:$J$5,G$4)=0,COUNTIFS('Team Calendar'!$A$5:$A$12,$F37,'Team Calendar'!$C$5:$C$12,G$4)=0),1,"") | H37: =IF(AND(ISNUMBER($D37),ISNUMBER($E37),H$4>=$D37,H$4<=$E37,WEEKDAY(H$4,2)<=5,COUNTIF('Sources & Change Log'!$J$2:$J$5,H$4)=0,COUNTIFS('Team Calendar'!$A$5:$A$12,$F37,'Team Calendar'!$C$5:$C$12,H$4)=0),1,"") | I37: =IF(AND(ISNUMBER($D37),ISNUMBER($E37),I$4>=$D37,I$4<=$E37,WEEKDAY(I$4,2)<=5,COUNTIF('Sources & Change Log'!$J$2:$J$5,I$4)=0,COUNTIFS('Team Calendar'!$A$5:$A$12,$F37,'Team Calendar'!$C$5:$C$12,I$4)=0),1,"") | J37: =IF(AND(ISNUMBER($D37),ISNUMBER($E37),J$4>=$D37,J$4<=$E37,WEEKDAY(J$4,2)<=5,COUNTIF('Sources & Change Log'!$J$2:$J$5,J$4)=0,COUNTIFS('Team Calendar'!$A$5:$A$12,$F37,'Team Calendar'!$C$5:$C$12,J$4)=0),1,"") | K37: =IF(AND(ISNUMBER($D37),ISNUMBER($E37),K$4>=$D37,K$4<=$E37,WEEKDAY(K$4,2)<=5,COUNTIF('Sources & Change Log'!$J$2:$J$5,K$4)=0,COUNTIFS('Team Calendar'!$A$5:$A$12,$F37,'Team Calendar'!$C$5:$C$12,K$4)=0),1,"") | L37: =IF(AND(ISNUMBER($D37),ISNUMBER($E37),L$4>=$D37,L$4<=$E37,WEEKDAY(L$4,2)<=5,COUNTIF('Sources & Change Log'!$J$2:$J$5,L$4)=0,COUNTIFS('Team Calendar'!$A$5:$A$12,$F37,'Team Calendar'!$C$5:$C$12,L$4)=0),1,"") | M37: =IF(AND(ISNUMBER($D37),ISNUMBER($E37),M$4>=$D37,M$4<=$E37,WEEKDAY(M$4,2)<=5,COUNTIF('Sources & Change Log'!$J$2:$J$5,M$4)=0,COUNTIFS('Team Calendar'!$A$5:$A$12,$F37,'Team Calendar'!$C$5:$C$12,M$4)=0),1,"") | N37: =IF(AND(ISNUMBER($D37),ISNUMBER($E37),N$4>=$D37,N$4<=$E37,WEEKDAY(N$4,2)<=5,COUNTIF('Sources & Change Log'!$J$2:$J$5,N$4)=0,COUNTIFS('Team Calendar'!$A$5:$A$12,$F37,'Team Calendar'!$C$5:$C$12,N$4)=0),1,"") | ... AI37: =IF(AND(ISNUMBER($D37),ISNUMBER($E37),AI$4>=$D37,AI$4<=$E37,WEEKDAY(AI$4,2)<=5,COUNTIF('Sources & Change Log'!$J$2:$J$5,AI$4)=0,COUNTIFS('Team Calendar'!$A$5:$A$12,$F37,'Team Calendar'!$C$5:$C$12,AI$4)=0),1,"")

Sheet Phase 2 Gantt
A1: FDS v3.1.20 · Phase 2 Gantt (CANDIDATE)
A2: 계획은 유연한 목표. 색상/막대는 예정 창이며 Runtime 완료율이 아님.
A3: Bars = Lead available weekdays within plan window; weekend/holiday/Lead absence excluded. Support allocations: Fast Track Plan.
A4: WBS ID | B4: Work Item | C4: Status | D4: Start | E4: End | F4: Lead | G4: 46293 | H4: 46294 | I4: 46295 | J4: 46296 | K4: 46297 | L4: 46298 | M4: 46299 | N4: 46300 | O4: 46301 | P4: 46302 | Q4: 46303 | R4: 46304 | S4: 46305 | T4: 46306 | U4: 46307 | V4: 46308 | W4: 46309 | X4: 46310 | Y4: 46311 | Z4: 46312 | AA4: 46313 | AB4: 46314 | AC4: 46315 | AD4: 46316 | AE4: 46317 | AF4: 46318 | AG4: 46319 | AH4: 46320 | AI4: 46321
A5: =WBS!A31 | B5: =WBS!B31 | C5: =WBS!G31 | D5: =IF(WBS!H31="","",WBS!H31) | E5: =IF(WBS!I31="","",WBS!I31) | F5: =WBS!L31 | G5: =IF(AND(ISNUMBER($D5),ISNUMBER($E5),G$4>=$D5,G$4<=$E5,WEEKDAY(G$4,2)<=5,COUNTIF('Sources & Change Log'!$J$2:$J$5,G$4)=0,COUNTIFS('Team Calendar'!$A$5:$A$12,$F5,'Team Calendar'!$C$5:$C$12,G$4)=0),1,"") | H5: =IF(AND(ISNUMBER($D5),ISNUMBER($E5),H$4>=$D5,H$4<=$E5,WEEKDAY(H$4,2)<=5,COUNTIF('Sources & Change Log'!$J$2:$J$5,H$4)=0,COUNTIFS('Team Calendar'!$A$5:$A$12,$F5,'Team Calendar'!$C$5:$C$12,H$4)=0),1,"") | I5: =IF(AND(ISNUMBER($D5),ISNUMBER($E5),I$4>=$D5,I$4<=$E5,WEEKDAY(I$4,2)<=5,COUNTIF('Sources & Change Log'!$J$2:$J$5,I$4)=0,COUNTIFS('Team Calendar'!$A$5:$A$12,$F5,'Team Calendar'!$C$5:$C$12,I$4)=0),1,"") | J5: =IF(AND(ISNUMBER($D5),ISNUMBER($E5),J$4>=$D5,J$4<=$E5,WEEKDAY(J$4,2)<=5,COUNTIF('Sources & Change Log'!$J$2:$J$5,J$4)=0,COUNTIFS('Team Calendar'!$A$5:$A$12,$F5,'Team Calendar'!$C$5:$C$12,J$4)=0),1,"") | K5: =IF(AND(ISNUMBER($D5),ISNUMBER($E5),K$4>=$D5,K$4<=$E5,WEEKDAY(K$4,2)<=5,COUNTIF('Sources & Change Log'!$J$2:$J$5,K$4)=0,COUNTIFS('Team Calendar'!$A$5:$A$12,$F5,'Team Calendar'!$C$5:$C$12,K$4)=0),1,"") | L5: =IF(AND(ISNUMBER($D5),ISNUMBER($E5),L$4>=$D5,L$4<=$E5,WEEKDAY(L$4,2)<=5,COUNTIF('Sources & Change Log'!$J$2:$J$5,L$4)=0,COUNTIFS('Team Calendar'!$A$5:$A$12,$F5,'Team Calendar'!$C$5:$C$12,L$4)=0),1,"") | M5: =IF(AND(ISNUMBER($D5),ISNUMBER($E5),M$4>=$D5,M$4<=$E5,WEEKDAY(M$4,2)<=5,COUNTIF('Sources & Change Log'!$J$2:$J$5,M$4)=0,COUNTIFS('Team Calendar'!$A$5:$A$12,$F5,'Team Calendar'!$C$5:$C$12,M$4)=0),1,"") | N5: =IF(AND(ISNUMBER($D5),ISNUMBER($E5),N$4>=$D5,N$4<=$E5,WEEKDAY(N$4,2)<=5,COUNTIF('Sources & Change Log'!$J$2:$J$5,N$4)=0,COUNTIFS('Team Calendar'!$A$5:$A$12,$F5,'Team Calendar'!$C$5:$C$12,N$4)=0),1,"") | ... AI5: =IF(AND(ISNUMBER($D5),ISNUMBER($E5),AI$4>=$D5,AI$4<=$E5,WEEKDAY(AI$4,2)<=5,COUNTIF('Sources & Change Log'!$J$2:$J$5,AI$4)=0,COUNTIFS('Team Calendar'!$A$5:$A$12,$F5,'Team Calendar'!$C$5:$C$12,AI$4)=0),1,"")
A6: =WBS!A32 | B6: =WBS!B32 | C6: =WBS!G32 | D6: =IF(WBS!H32="","",WBS!H32) | E6: =IF(WBS!I32="","",WBS!I32) | F6: =WBS!L32 | G6: =IF(AND(ISNUMBER($D6),ISNUMBER($E6),G$4>=$D6,G$4<=$E6,WEEKDAY(G$4,2)<=5,COUNTIF('Sources & Change Log'!$J$2:$J$5,G$4)=0,COUNTIFS('Team Calendar'!$A$5:$A$12,$F6,'Team Calendar'!$C$5:$C$12,G$4)=0),1,"") | H6: =IF(AND(ISNUMBER($D6),ISNUMBER($E6),H$4>=$D6,H$4<=$E6,WEEKDAY(H$4,2)<=5,COUNTIF('Sources & Change Log'!$J$2:$J$5,H$4)=0,COUNTIFS('Team Calendar'!$A$5:$A$12,$F6,'Team Calendar'!$C$5:$C$12,H$4)=0),1,"") | I6: =IF(AND(ISNUMBER($D6),ISNUMBER($E6),I$4>=$D6,I$4<=$E6,WEEKDAY(I$4,2)<=5,COUNTIF('Sources & Change Log'!$J$2:$J$5,I$4)=0,COUNTIFS('Team Calendar'!$A$5:$A$12,$F6,'Team Calendar'!$C$5:$C$12,I$4)=0),1,"") | J6: =IF(AND(ISNUMBER($D6),ISNUMBER($E6),J$4>=$D6,J$4<=$E6,WEEKDAY(J$4,2)<=5,COUNTIF('Sources & Change Log'!$J$2:$J$5,J$4)=0,COUNTIFS('Team Calendar'!$A$5:$A$12,$F6,'Team Calendar'!$C$5:$C$12,J$4)=0),1,"") | K6: =IF(AND(ISNUMBER($D6),ISNUMBER($E6),K$4>=$D6,K$4<=$E6,WEEKDAY(K$4,2)<=5,COUNTIF('Sources & Change Log'!$J$2:$J$5,K$4)=0,COUNTIFS('Team Calendar'!$A$5:$A$12,$F6,'Team Calendar'!$C$5:$C$12,K$4)=0),1,"") | L6: =IF(AND(ISNUMBER($D6),ISNUMBER($E6),L$4>=$D6,L$4<=$E6,WEEKDAY(L$4,2)<=5,COUNTIF('Sources & Change Log'!$J$2:$J$5,L$4)=0,COUNTIFS('Team Calendar'!$A$5:$A$12,$F6,'Team Calendar'!$C$5:$C$12,L$4)=0),1,"") | M6: =IF(AND(ISNUMBER($D6),ISNUMBER($E6),M$4>=$D6,M$4<=$E6,WEEKDAY(M$4,2)<=5,COUNTIF('Sources & Change Log'!$J$2:$J$5,M$4)=0,COUNTIFS('Team Calendar'!$A$5:$A$12,$F6,'Team Calendar'!$C$5:$C$12,M$4)=0),1,"") | N6: =IF(AND(ISNUMBER($D6),ISNUMBER($E6),N$4>=$D6,N$4<=$E6,WEEKDAY(N$4,2)<=5,COUNTIF('Sources & Change Log'!$J$2:$J$5,N$4)=0,COUNTIFS('Team Calendar'!$A$5:$A$12,$F6,'Team Calendar'!$C$5:$C$12,N$4)=0),1,"") | ... AI6: =IF(AND(ISNUMBER($D6),ISNUMBER($E6),AI$4>=$D6,AI$4<=$E6,WEEKDAY(AI$4,2)<=5,COUNTIF('Sources & Change Log'!$J$2:$J$5,AI$4)=0,COUNTIFS('Team Calendar'!$A$5:$A$12,$F6,'Team Calendar'!$C$5:$C$12,AI$4)=0),1,"")
A7: =WBS!A33 | B7: =WBS!B33 | C7: =WBS!G33 | D7: =IF(WBS!H33="","",WBS!H33) | E7: =IF(WBS!I33="","",WBS!I33) | F7: =WBS!L33 | G7: =IF(AND(ISNUMBER($D7),ISNUMBER($E7),G$4>=$D7,G$4<=$E7,WEEKDAY(G$4,2)<=5,COUNTIF('Sources & Change Log'!$J$2:$J$5,G$4)=0,COUNTIFS('Team Calendar'!$A$5:$A$12,$F7,'Team Calendar'!$C$5:$C$12,G$4)=0),1,"") | H7: =IF(AND(ISNUMBER($D7),ISNUMBER($E7),H$4>=$D7,H$4<=$E7,WEEKDAY(H$4,2)<=5,COUNTIF('Sources & Change Log'!$J$2:$J$5,H$4)=0,COUNTIFS('Team Calendar'!$A$5:$A$12,$F7,'Team Calendar'!$C$5:$C$12,H$4)=0),1,"") | I7: =IF(AND(ISNUMBER($D7),ISNUMBER($E7),I$4>=$D7,I$4<=$E7,WEEKDAY(I$4,2)<=5,COUNTIF('Sources & Change Log'!$J$2:$J$5,I$4)=0,COUNTIFS('Team Calendar'!$A$5:$A$12,$F7,'Team Calendar'!$C$5:$C$12,I$4)=0),1,"") | J7: =IF(AND(ISNUMBER($D7),ISNUMBER($E7),J$4>=$D7,J$4<=$E7,WEEKDAY(J$4,2)<=5,COUNTIF('Sources & Change Log'!$J$2:$J$5,J$4)=0,COUNTIFS('Team Calendar'!$A$5:$A$12,$F7,'Team Calendar'!$C$5:$C$12,J$4)=0),1,"") | K7: =IF(AND(ISNUMBER($D7),ISNUMBER($E7),K$4>=$D7,K$4<=$E7,WEEKDAY(K$4,2)<=5,COUNTIF('Sources & Change Log'!$J$2:$J$5,K$4)=0,COUNTIFS('Team Calendar'!$A$5:$A$12,$F7,'Team Calendar'!$C$5:$C$12,K$4)=0),1,"") | L7: =IF(AND(ISNUMBER($D7),ISNUMBER($E7),L$4>=$D7,L$4<=$E7,WEEKDAY(L$4,2)<=5,COUNTIF('Sources & Change Log'!$J$2:$J$5,L$4)=0,COUNTIFS('Team Calendar'!$A$5:$A$12,$F7,'Team Calendar'!$C$5:$C$12,L$4)=0),1,"") | M7: =IF(AND(ISNUMBER($D7),ISNUMBER($E7),M$4>=$D7,M$4<=$E7,WEEKDAY(M$4,2)<=5,COUNTIF('Sources & Change Log'!$J$2:$J$5,M$4)=0,COUNTIFS('Team Calendar'!$A$5:$A$12,$F7,'Team Calendar'!$C$5:$C$12,M$4)=0),1,"") | N7: =IF(AND(ISNUMBER($D7),ISNUMBER($E7),N$4>=$D7,N$4<=$E7,WEEKDAY(N$4,2)<=5,COUNTIF('Sources & Change Log'!$J$2:$J$5,N$4)=0,COUNTIFS('Team Calendar'!$A$5:$A$12,$F7,'Team Calendar'!$C$5:$C$12,N$4)=0),1,"") | ... AI7: =IF(AND(ISNUMBER($D7),ISNUMBER($E7),AI$4>=$D7,AI$4<=$E7,WEEKDAY(AI$4,2)<=5,COUNTIF('Sources & Change Log'!$J$2:$J$5,AI$4)=0,COUNTIFS('Team Calendar'!$A$5:$A$12,$F7,'Team Calendar'!$C$5:$C$12,AI$4)=0),1,"")
A8: =WBS!A34 | B8: =WBS!B34 | C8: =WBS!G34 | D8: =IF(WBS!H34="","",WBS!H34) | E8: =IF(WBS!I34="","",WBS!I34) | F8: =WBS!L34 | G8: =IF(AND(ISNUMBER($D8),ISNUMBER($E8),G$4>=$D8,G$4<=$E8,WEEKDAY(G$4,2)<=5,COUNTIF('Sources & Change Log'!$J$2:$J$5,G$4)=0,COUNTIFS('Team Calendar'!$A$5:$A$12,$F8,'Team Calendar'!$C$5:$C$12,G$4)=0),1,"") | H8: =IF(AND(ISNUMBER($D8),ISNUMBER($E8),H$4>=$D8,H$4<=$E8,WEEKDAY(H$4,2)<=5,COUNTIF('Sources & Change Log'!$J$2:$J$5,H$4)=0,COUNTIFS('Team Calendar'!$A$5:$A$12,$F8,'Team Calendar'!$C$5:$C$12,H$4)=0),1,"") | I8: =IF(AND(ISNUMBER($D8),ISNUMBER($E8),I$4>=$D8,I$4<=$E8,WEEKDAY(I$4,2)<=5,COUNTIF('Sources & Change Log'!$J$2:$J$5,I$4)=0,COUNTIFS('Team Calendar'!$A$5:$A$12,$F8,'Team Calendar'!$C$5:$C$12,I$4)=0),1,"") | J8: =IF(AND(ISNUMBER($D8),ISNUMBER($E8),J$4>=$D8,J$4<=$E8,WEEKDAY(J$4,2)<=5,COUNTIF('Sources & Change Log'!$J$2:$J$5,J$4)=0,COUNTIFS('Team Calendar'!$A$5:$A$12,$F8,'Team Calendar'!$C$5:$C$12,J$4)=0),1,"") | K8: =IF(AND(ISNUMBER($D8),ISNUMBER($E8),K$4>=$D8,K$4<=$E8,WEEKDAY(K$4,2)<=5,COUNTIF('Sources & Change Log'!$J$2:$J$5,K$4)=0,COUNTIFS('Team Calendar'!$A$5:$A$12,$F8,'Team Calendar'!$C$5:$C$12,K$4)=0),1,"") | L8: =IF(AND(ISNUMBER($D8),ISNUMBER($E8),L$4>=$D8,L$4<=$E8,WEEKDAY(L$4,2)<=5,COUNTIF('Sources & Change Log'!$J$2:$J$5,L$4)=0,COUNTIFS('Team Calendar'!$A$5:$A$12,$F8,'Team Calendar'!$C$5:$C$12,L$4)=0),1,"") | M8: =IF(AND(ISNUMBER($D8),ISNUMBER($E8),M$4>=$D8,M$4<=$E8,WEEKDAY(M$4,2)<=5,COUNTIF('Sources & Change Log'!$J$2:$J$5,M$4)=0,COUNTIFS('Team Calendar'!$A$5:$A$12,$F8,'Team Calendar'!$C$5:$C$12,M$4)=0),1,"") | N8: =IF(AND(ISNUMBER($D8),ISNUMBER($E8),N$4>=$D8,N$4<=$E8,WEEKDAY(N$4,2)<=5,COUNTIF('Sources & Change Log'!$J$2:$J$5,N$4)=0,COUNTIFS('Team Calendar'!$A$5:$A$12,$F8,'Team Calendar'!$C$5:$C$12,N$4)=0),1,"") | ... AI8: =IF(AND(ISNUMBER($D8),ISNUMBER($E8),AI$4>=$D8,AI$4<=$E8,WEEKDAY(AI$4,2)<=5,COUNTIF('Sources & Change Log'!$J$2:$J$5,AI$4)=0,COUNTIFS('Team Calendar'!$A$5:$A$12,$F8,'Team Calendar'!$C$5:$C$12,AI$4)=0),1,"")
A9: =WBS!A35 | B9: =WBS!B35 | C9: =WBS!G35 | D9: =IF(WBS!H35="","",WBS!H35) | E9: =IF(WBS!I35="","",WBS!I35) | F9: =WBS!L35 | G9: =IF(AND(ISNUMBER($D9),ISNUMBER($E9),G$4>=$D9,G$4<=$E9,WEEKDAY(G$4,2)<=5,COUNTIF('Sources & Change Log'!$J$2:$J$5,G$4)=0,COUNTIFS('Team Calendar'!$A$5:$A$12,$F9,'Team Calendar'!$C$5:$C$12,G$4)=0),1,"") | H9: =IF(AND(ISNUMBER($D9),ISNUMBER($E9),H$4>=$D9,H$4<=$E9,WEEKDAY(H$4,2)<=5,COUNTIF('Sources & Change Log'!$J$2:$J$5,H$4)=0,COUNTIFS('Team Calendar'!$A$5:$A$12,$F9,'Team Calendar'!$C$5:$C$12,H$4)=0),1,"") | I9: =IF(AND(ISNUMBER($D9),ISNUMBER($E9),I$4>=$D9,I$4<=$E9,WEEKDAY(I$4,2)<=5,COUNTIF('Sources & Change Log'!$J$2:$J$5,I$4)=0,COUNTIFS('Team Calendar'!$A$5:$A$12,$F9,'Team Calendar'!$C$5:$C$12,I$4)=0),1,"") | J9: =IF(AND(ISNUMBER($D9),ISNUMBER($E9),J$4>=$D9,J$4<=$E9,WEEKDAY(J$4,2)<=5,COUNTIF('Sources & Change Log'!$J$2:$J$5,J$4)=0,COUNTIFS('Team Calendar'!$A$5:$A$12,$F9,'Team Calendar'!$C$5:$C$12,J$4)=0),1,"") | K9: =IF(AND(ISNUMBER($D9),ISNUMBER($E9),K$4>=$D9,K$4<=$E9,WEEKDAY(K$4,2)<=5,COUNTIF('Sources & Change Log'!$J$2:$J$5,K$4)=0,COUNTIFS('Team Calendar'!$A$5:$A$12,$F9,'Team Calendar'!$C$5:$C$12,K$4)=0),1,"") | L9: =IF(AND(ISNUMBER($D9),ISNUMBER($E9),L$4>=$D9,L$4<=$E9,WEEKDAY(L$4,2)<=5,COUNTIF('Sources & Change Log'!$J$2:$J$5,L$4)=0,COUNTIFS('Team Calendar'!$A$5:$A$12,$F9,'Team Calendar'!$C$5:$C$12,L$4)=0),1,"") | M9: =IF(AND(ISNUMBER($D9),ISNUMBER($E9),M$4>=$D9,M$4<=$E9,WEEKDAY(M$4,2)<=5,COUNTIF('Sources & Change Log'!$J$2:$J$5,M$4)=0,COUNTIFS('Team Calendar'!$A$5:$A$12,$F9,'Team Calendar'!$C$5:$C$12,M$4)=0),1,"") | N9: =IF(AND(ISNUMBER($D9),ISNUMBER($E9),N$4>=$D9,N$4<=$E9,WEEKDAY(N$4,2)<=5,COUNTIF('Sources & Change Log'!$J$2:$J$5,N$4)=0,COUNTIFS('Team Calendar'!$A$5:$A$12,$F9,'Team Calendar'!$C$5:$C$12,N$4)=0),1,"") | ... AI9: =IF(AND(ISNUMBER($D9),ISNUMBER($E9),AI$4>=$D9,AI$4<=$E9,WEEKDAY(AI$4,2)<=5,COUNTIF('Sources & Change Log'!$J$2:$J$5,AI$4)=0,COUNTIFS('Team Calendar'!$A$5:$A$12,$F9,'Team Calendar'!$C$5:$C$12,AI$4)=0),1,"")
A10: =WBS!A36 | B10: =WBS!B36 | C10: =WBS!G36 | D10: =IF(WBS!H36="","",WBS!H36) | E10: =IF(WBS!I36="","",WBS!I36) | F10: =WBS!L36 | G10: =IF(AND(ISNUMBER($D10),ISNUMBER($E10),G$4>=$D10,G$4<=$E10,WEEKDAY(G$4,2)<=5,COUNTIF('Sources & Change Log'!$J$2:$J$5,G$4)=0,COUNTIFS('Team Calendar'!$A$5:$A$12,$F10,'Team Calendar'!$C$5:$C$12,G$4)=0),1,"") | H10: =IF(AND(ISNUMBER($D10),ISNUMBER($E10),H$4>=$D10,H$4<=$E10,WEEKDAY(H$4,2)<=5,COUNTIF('Sources & Change Log'!$J$2:$J$5,H$4)=0,COUNTIFS('Team Calendar'!$A$5:$A$12,$F10,'Team Calendar'!$C$5:$C$12,H$4)=0),1,"") | I10: =IF(AND(ISNUMBER($D10),ISNUMBER($E10),I$4>=$D10,I$4<=$E10,WEEKDAY(I$4,2)<=5,COUNTIF('Sources & Change Log'!$J$2:$J$5,I$4)=0,COUNTIFS('Team Calendar'!$A$5:$A$12,$F10,'Team Calendar'!$C$5:$C$12,I$4)=0),1,"") | J10: =IF(AND(ISNUMBER($D10),ISNUMBER($E10),J$4>=$D10,J$4<=$E10,WEEKDAY(J$4,2)<=5,COUNTIF('Sources & Change Log'!$J$2:$J$5,J$4)=0,COUNTIFS('Team Calendar'!$A$5:$A$12,$F10,'Team Calendar'!$C$5:$C$12,J$4)=0),1,"") | K10: =IF(AND(ISNUMBER($D10),ISNUMBER($E10),K$4>=$D10,K$4<=$E10,WEEKDAY(K$4,2)<=5,COUNTIF('Sources & Change Log'!$J$2:$J$5,K$4)=0,COUNTIFS('Team Calendar'!$A$5:$A$12,$F10,'Team Calendar'!$C$5:$C$12,K$4)=0),1,"") | L10: =IF(AND(ISNUMBER($D10),ISNUMBER($E10),L$4>=$D10,L$4<=$E10,WEEKDAY(L$4,2)<=5,COUNTIF('Sources & Change Log'!$J$2:$J$5,L$4)=0,COUNTIFS('Team Calendar'!$A$5:$A$12,$F10,'Team Calendar'!$C$5:$C$12,L$4)=0),1,"") | M10: =IF(AND(ISNUMBER($D10),ISNUMBER($E10),M$4>=$D10,M$4<=$E10,WEEKDAY(M$4,2)<=5,COUNTIF('Sources & Change Log'!$J$2:$J$5,M$4)=0,COUNTIFS('Team Calendar'!$A$5:$A$12,$F10,'Team Calendar'!$C$5:$C$12,M$4)=0),1,"") | N10: =IF(AND(ISNUMBER($D10),ISNUMBER($E10),N$4>=$D10,N$4<=$E10,WEEKDAY(N$4,2)<=5,COUNTIF('Sources & Change Log'!$J$2:$J$5,N$4)=0,COUNTIFS('Team Calendar'!$A$5:$A$12,$F10,'Team Calendar'!$C$5:$C$12,N$4)=0),1,"") | ... AI10: =IF(AND(ISNUMBER($D10),ISNUMBER($E10),AI$4>=$D10,AI$4<=$E10,WEEKDAY(AI$4,2)<=5,COUNTIF('Sources & Change Log'!$J$2:$J$5,AI$4)=0,COUNTIFS('Team Calendar'!$A$5:$A$12,$F10,'Team Calendar'!$C$5:$C$12,AI$4)=0),1,"")
A11: =WBS!A37 | B11: =WBS!B37 | C11: =WBS!G37 | D11: =IF(WBS!H37="","",WBS!H37) | E11: =IF(WBS!I37="","",WBS!I37) | F11: =WBS!L37 | G11: =IF(AND(ISNUMBER($D11),ISNUMBER($E11),G$4>=$D11,G$4<=$E11,WEEKDAY(G$4,2)<=5,COUNTIF('Sources & Change Log'!$J$2:$J$5,G$4)=0,COUNTIFS('Team Calendar'!$A$5:$A$12,$F11,'Team Calendar'!$C$5:$C$12,G$4)=0),1,"") | H11: =IF(AND(ISNUMBER($D11),ISNUMBER($E11),H$4>=$D11,H$4<=$E11,WEEKDAY(H$4,2)<=5,COUNTIF('Sources & Change Log'!$J$2:$J$5,H$4)=0,COUNTIFS('Team Calendar'!$A$5:$A$12,$F11,'Team Calendar'!$C$5:$C$12,H$4)=0),1,"") | I11: =IF(AND(ISNUMBER($D11),ISNUMBER($E11),I$4>=$D11,I$4<=$E11,WEEKDAY(I$4,2)<=5,COUNTIF('Sources & Change Log'!$J$2:$J$5,I$4)=0,COUNTIFS('Team Calendar'!$A$5:$A$12,$F11,'Team Calendar'!$C$5:$C$12,I$4)=0),1,"") | J11: =IF(AND(ISNUMBER($D11),ISNUMBER($E11),J$4>=$D11,J$4<=$E11,WEEKDAY(J$4,2)<=5,COUNTIF('Sources & Change Log'!$J$2:$J$5,J$4)=0,COUNTIFS('Team Calendar'!$A$5:$A$12,$F11,'Team Calendar'!$C$5:$C$12,J$4)=0),1,"") | K11: =IF(AND(ISNUMBER($D11),ISNUMBER($E11),K$4>=$D11,K$4<=$E11,WEEKDAY(K$4,2)<=5,COUNTIF('Sources & Change Log'!$J$2:$J$5,K$4)=0,COUNTIFS('Team Calendar'!$A$5:$A$12,$F11,'Team Calendar'!$C$5:$C$12,K$4)=0),1,"") | L11: =IF(AND(ISNUMBER($D11),ISNUMBER($E11),L$4>=$D11,L$4<=$E11,WEEKDAY(L$4,2)<=5,COUNTIF('Sources & Change Log'!$J$2:$J$5,L$4)=0,COUNTIFS('Team Calendar'!$A$5:$A$12,$F11,'Team Calendar'!$C$5:$C$12,L$4)=0),1,"") | M11: =IF(AND(ISNUMBER($D11),ISNUMBER($E11),M$4>=$D11,M$4<=$E11,WEEKDAY(M$4,2)<=5,COUNTIF('Sources & Change Log'!$J$2:$J$5,M$4)=0,COUNTIFS('Team Calendar'!$A$5:$A$12,$F11,'Team Calendar'!$C$5:$C$12,M$4)=0),1,"") | N11: =IF(AND(ISNUMBER($D11),ISNUMBER($E11),N$4>=$D11,N$4<=$E11,WEEKDAY(N$4,2)<=5,COUNTIF('Sources & Change Log'!$J$2:$J$5,N$4)=0,COUNTIFS('Team Calendar'!$A$5:$A$12,$F11,'Team Calendar'!$C$5:$C$12,N$4)=0),1,"") | ... AI11: =IF(AND(ISNUMBER($D11),ISNUMBER($E11),AI$4>=$D11,AI$4<=$E11,WEEKDAY(AI$4,2)<=5,COUNTIF('Sources & Change Log'!$J$2:$J$5,AI$4)=0,COUNTIFS('Team Calendar'!$A$5:$A$12,$F11,'Team Calendar'!$C$5:$C$12,AI$4)=0),1,"")
A12: =WBS!A38 | B12: =WBS!B38 | C12: =WBS!G38 | D12: =IF(WBS!H38="","",WBS!H38) | E12: =IF(WBS!I38="","",WBS!I38) | F12: =WBS!L38 | G12: =IF(AND(ISNUMBER($D12),ISNUMBER($E12),G$4>=$D12,G$4<=$E12,WEEKDAY(G$4,2)<=5,COUNTIF('Sources & Change Log'!$J$2:$J$5,G$4)=0,COUNTIFS('Team Calendar'!$A$5:$A$12,$F12,'Team Calendar'!$C$5:$C$12,G$4)=0),1,"") | H12: =IF(AND(ISNUMBER($D12),ISNUMBER($E12),H$4>=$D12,H$4<=$E12,WEEKDAY(H$4,2)<=5,COUNTIF('Sources & Change Log'!$J$2:$J$5,H$4)=0,COUNTIFS('Team Calendar'!$A$5:$A$12,$F12,'Team Calendar'!$C$5:$C$12,H$4)=0),1,"") | I12: =IF(AND(ISNUMBER($D12),ISNUMBER($E12),I$4>=$D12,I$4<=$E12,WEEKDAY(I$4,2)<=5,COUNTIF('Sources & Change Log'!$J$2:$J$5,I$4)=0,COUNTIFS('Team Calendar'!$A$5:$A$12,$F12,'Team Calendar'!$C$5:$C$12,I$4)=0),1,"") | J12: =IF(AND(ISNUMBER($D12),ISNUMBER($E12),J$4>=$D12,J$4<=$E12,WEEKDAY(J$4,2)<=5,COUNTIF('Sources & Change Log'!$J$2:$J$5,J$4)=0,COUNTIFS('Team Calendar'!$A$5:$A$12,$F12,'Team Calendar'!$C$5:$C$12,J$4)=0),1,"") | K12: =IF(AND(ISNUMBER($D12),ISNUMBER($E12),K$4>=$D12,K$4<=$E12,WEEKDAY(K$4,2)<=5,COUNTIF('Sources & Change Log'!$J$2:$J$5,K$4)=0,COUNTIFS('Team Calendar'!$A$5:$A$12,$F12,'Team Calendar'!$C$5:$C$12,K$4)=0),1,"") | L12: =IF(AND(ISNUMBER($D12),ISNUMBER($E12),L$4>=$D12,L$4<=$E12,WEEKDAY(L$4,2)<=5,COUNTIF('Sources & Change Log'!$J$2:$J$5,L$4)=0,COUNTIFS('Team Calendar'!$A$5:$A$12,$F12,'Team Calendar'!$C$5:$C$12,L$4)=0),1,"") | M12: =IF(AND(ISNUMBER($D12),ISNUMBER($E12),M$4>=$D12,M$4<=$E12,WEEKDAY(M$4,2)<=5,COUNTIF('Sources & Change Log'!$J$2:$J$5,M$4)=0,COUNTIFS('Team Calendar'!$A$5:$A$12,$F12,'Team Calendar'!$C$5:$C$12,M$4)=0),1,"") | N12: =IF(AND(ISNUMBER($D12),ISNUMBER($E12),N$4>=$D12,N$4<=$E12,WEEKDAY(N$4,2)<=5,COUNTIF('Sources & Change Log'!$J$2:$J$5,N$4)=0,COUNTIFS('Team Calendar'!$A$5:$A$12,$F12,'Team Calendar'!$C$5:$C$12,N$4)=0),1,"") | ... AI12: =IF(AND(ISNUMBER($D12),ISNUMBER($E12),AI$4>=$D12,AI$4<=$E12,WEEKDAY(AI$4,2)<=5,COUNTIF('Sources & Change Log'!$J$2:$J$5,AI$4)=0,COUNTIFS('Team Calendar'!$A$5:$A$12,$F12,'Team Calendar'!$C$5:$C$12,AI$4)=0),1,"")
A13: =WBS!A39 | B13: =WBS!B39 | C13: =WBS!G39 | D13: =IF(WBS!H39="","",WBS!H39) | E13: =IF(WBS!I39="","",WBS!I39) | F13: =WBS!L39 | G13: =IF(AND(ISNUMBER($D13),ISNUMBER($E13),G$4>=$D13,G$4<=$E13,WEEKDAY(G$4,2)<=5,COUNTIF('Sources & Change Log'!$J$2:$J$5,G$4)=0,COUNTIFS('Team Calendar'!$A$5:$A$12,$F13,'Team Calendar'!$C$5:$C$12,G$4)=0),1,"") | H13: =IF(AND(ISNUMBER($D13),ISNUMBER($E13),H$4>=$D13,H$4<=$E13,WEEKDAY(H$4,2)<=5,COUNTIF('Sources & Change Log'!$J$2:$J$5,H$4)=0,COUNTIFS('Team Calendar'!$A$5:$A$12,$F13,'Team Calendar'!$C$5:$C$12,H$4)=0),1,"") | I13: =IF(AND(ISNUMBER($D13),ISNUMBER($E13),I$4>=$D13,I$4<=$E13,WEEKDAY(I$4,2)<=5,COUNTIF('Sources & Change Log'!$J$2:$J$5,I$4)=0,COUNTIFS('Team Calendar'!$A$5:$A$12,$F13,'Team Calendar'!$C$5:$C$12,I$4)=0),1,"") | J13: =IF(AND(ISNUMBER($D13),ISNUMBER($E13),J$4>=$D13,J$4<=$E13,WEEKDAY(J$4,2)<=5,COUNTIF('Sources & Change Log'!$J$2:$J$5,J$4)=0,COUNTIFS('Team Calendar'!$A$5:$A$12,$F13,'Team Calendar'!$C$5:$C$12,J$4)=0),1,"") | K13: =IF(AND(ISNUMBER($D13),ISNUMBER($E13),K$4>=$D13,K$4<=$E13,WEEKDAY(K$4,2)<=5,COUNTIF('Sources & Change Log'!$J$2:$J$5,K$4)=0,COUNTIFS('Team Calendar'!$A$5:$A$12,$F13,'Team Calendar'!$C$5:$C$12,K$4)=0),1,"") | L13: =IF(AND(ISNUMBER($D13),ISNUMBER($E13),L$4>=$D13,L$4<=$E13,WEEKDAY(L$4,2)<=5,COUNTIF('Sources & Change Log'!$J$2:$J$5,L$4)=0,COUNTIFS('Team Calendar'!$A$5:$A$12,$F13,'Team Calendar'!$C$5:$C$12,L$4)=0),1,"") | M13: =IF(AND(ISNUMBER($D13),ISNUMBER($E13),M$4>=$D13,M$4<=$E13,WEEKDAY(M$4,2)<=5,COUNTIF('Sources & Change Log'!$J$2:$J$5,M$4)=0,COUNTIFS('Team Calendar'!$A$5:$A$12,$F13,'Team Calendar'!$C$5:$C$12,M$4)=0),1,"") | N13: =IF(AND(ISNUMBER($D13),ISNUMBER($E13),N$4>=$D13,N$4<=$E13,WEEKDAY(N$4,2)<=5,COUNTIF('Sources & Change Log'!$J$2:$J$5,N$4)=0,COUNTIFS('Team Calendar'!$A$5:$A$12,$F13,'Team Calendar'!$C$5:$C$12,N$4)=0),1,"") | ... AI13: =IF(AND(ISNUMBER($D13),ISNUMBER($E13),AI$4>=$D13,AI$4<=$E13,WEEKDAY(AI$4,2)<=5,COUNTIF('Sources & Change Log'!$J$2:$J$5,AI$4)=0,COUNTIFS('Team Calendar'!$A$5:$A$12,$F13,'Team Calendar'!$C$5:$C$12,AI$4)=0),1,"")
A14: =WBS!A40 | B14: =WBS!B40 | C14: =WBS!G40 | D14: =IF(WBS!H40="","",WBS!H40) | E14: =IF(WBS!I40="","",WBS!I40) | F14: =WBS!L40 | G14: =IF(AND(ISNUMBER($D14),ISNUMBER($E14),G$4>=$D14,G$4<=$E14,WEEKDAY(G$4,2)<=5,COUNTIF('Sources & Change Log'!$J$2:$J$5,G$4)=0,COUNTIFS('Team Calendar'!$A$5:$A$12,$F14,'Team Calendar'!$C$5:$C$12,G$4)=0),1,"") | H14: =IF(AND(ISNUMBER($D14),ISNUMBER($E14),H$4>=$D14,H$4<=$E14,WEEKDAY(H$4,2)<=5,COUNTIF('Sources & Change Log'!$J$2:$J$5,H$4)=0,COUNTIFS('Team Calendar'!$A$5:$A$12,$F14,'Team Calendar'!$C$5:$C$12,H$4)=0),1,"") | I14: =IF(AND(ISNUMBER($D14),ISNUMBER($E14),I$4>=$D14,I$4<=$E14,WEEKDAY(I$4,2)<=5,COUNTIF('Sources & Change Log'!$J$2:$J$5,I$4)=0,COUNTIFS('Team Calendar'!$A$5:$A$12,$F14,'Team Calendar'!$C$5:$C$12,I$4)=0),1,"") | J14: =IF(AND(ISNUMBER($D14),ISNUMBER($E14),J$4>=$D14,J$4<=$E14,WEEKDAY(J$4,2)<=5,COUNTIF('Sources & Change Log'!$J$2:$J$5,J$4)=0,COUNTIFS('Team Calendar'!$A$5:$A$12,$F14,'Team Calendar'!$C$5:$C$12,J$4)=0),1,"") | K14: =IF(AND(ISNUMBER($D14),ISNUMBER($E14),K$4>=$D14,K$4<=$E14,WEEKDAY(K$4,2)<=5,COUNTIF('Sources & Change Log'!$J$2:$J$5,K$4)=0,COUNTIFS('Team Calendar'!$A$5:$A$12,$F14,'Team Calendar'!$C$5:$C$12,K$4)=0),1,"") | L14: =IF(AND(ISNUMBER($D14),ISNUMBER($E14),L$4>=$D14,L$4<=$E14,WEEKDAY(L$4,2)<=5,COUNTIF('Sources & Change Log'!$J$2:$J$5,L$4)=0,COUNTIFS('Team Calendar'!$A$5:$A$12,$F14,'Team Calendar'!$C$5:$C$12,L$4)=0),1,"") | M14: =IF(AND(ISNUMBER($D14),ISNUMBER($E14),M$4>=$D14,M$4<=$E14,WEEKDAY(M$4,2)<=5,COUNTIF('Sources & Change Log'!$J$2:$J$5,M$4)=0,COUNTIFS('Team Calendar'!$A$5:$A$12,$F14,'Team Calendar'!$C$5:$C$12,M$4)=0),1,"") | N14: =IF(AND(ISNUMBER($D14),ISNUMBER($E14),N$4>=$D14,N$4<=$E14,WEEKDAY(N$4,2)<=5,COUNTIF('Sources & Change Log'!$J$2:$J$5,N$4)=0,COUNTIFS('Team Calendar'!$A$5:$A$12,$F14,'Team Calendar'!$C$5:$C$12,N$4)=0),1,"") | ... AI14: =IF(AND(ISNUMBER($D14),ISNUMBER($E14),AI$4>=$D14,AI$4<=$E14,WEEKDAY(AI$4,2)<=5,COUNTIF('Sources & Change Log'!$J$2:$J$5,AI$4)=0,COUNTIFS('Team Calendar'!$A$5:$A$12,$F14,'Team Calendar'!$C$5:$C$12,AI$4)=0),1,"")
A15: =WBS!A41 | B15: =WBS!B41 | C15: =WBS!G41 | D15: =IF(WBS!H41="","",WBS!H41) | E15: =IF(WBS!I41="","",WBS!I41) | F15: =WBS!L41 | G15: =IF(AND(ISNUMBER($D15),ISNUMBER($E15),G$4>=$D15,G$4<=$E15,WEEKDAY(G$4,2)<=5,COUNTIF('Sources & Change Log'!$J$2:$J$5,G$4)=0,COUNTIFS('Team Calendar'!$A$5:$A$12,$F15,'Team Calendar'!$C$5:$C$12,G$4)=0),1,"") | H15: =IF(AND(ISNUMBER($D15),ISNUMBER($E15),H$4>=$D15,H$4<=$E15,WEEKDAY(H$4,2)<=5,COUNTIF('Sources & Change Log'!$J$2:$J$5,H$4)=0,COUNTIFS('Team Calendar'!$A$5:$A$12,$F15,'Team Calendar'!$C$5:$C$12,H$4)=0),1,"") | I15: =IF(AND(ISNUMBER($D15),ISNUMBER($E15),I$4>=$D15,I$4<=$E15,WEEKDAY(I$4,2)<=5,COUNTIF('Sources & Change Log'!$J$2:$J$5,I$4)=0,COUNTIFS('Team Calendar'!$A$5:$A$12,$F15,'Team Calendar'!$C$5:$C$12,I$4)=0),1,"") | J15: =IF(AND(ISNUMBER($D15),ISNUMBER($E15),J$4>=$D15,J$4<=$E15,WEEKDAY(J$4,2)<=5,COUNTIF('Sources & Change Log'!$J$2:$J$5,J$4)=0,COUNTIFS('Team Calendar'!$A$5:$A$12,$F15,'Team Calendar'!$C$5:$C$12,J$4)=0),1,"") | K15: =IF(AND(ISNUMBER($D15),ISNUMBER($E15),K$4>=$D15,K$4<=$E15,WEEKDAY(K$4,2)<=5,COUNTIF('Sources & Change Log'!$J$2:$J$5,K$4)=0,COUNTIFS('Team Calendar'!$A$5:$A$12,$F15,'Team Calendar'!$C$5:$C$12,K$4)=0),1,"") | L15: =IF(AND(ISNUMBER($D15),ISNUMBER($E15),L$4>=$D15,L$4<=$E15,WEEKDAY(L$4,2)<=5,COUNTIF('Sources & Change Log'!$J$2:$J$5,L$4)=0,COUNTIFS('Team Calendar'!$A$5:$A$12,$F15,'Team Calendar'!$C$5:$C$12,L$4)=0),1,"") | M15: =IF(AND(ISNUMBER($D15),ISNUMBER($E15),M$4>=$D15,M$4<=$E15,WEEKDAY(M$4,2)<=5,COUNTIF('Sources & Change Log'!$J$2:$J$5,M$4)=0,COUNTIFS('Team Calendar'!$A$5:$A$12,$F15,'Team Calendar'!$C$5:$C$12,M$4)=0),1,"") | N15: =IF(AND(ISNUMBER($D15),ISNUMBER($E15),N$4>=$D15,N$4<=$E15,WEEKDAY(N$4,2)<=5,COUNTIF('Sources & Change Log'!$J$2:$J$5,N$4)=0,COUNTIFS('Team Calendar'!$A$5:$A$12,$F15,'Team Calendar'!$C$5:$C$12,N$4)=0),1,"") | ... AI15: =IF(AND(ISNUMBER($D15),ISNUMBER($E15),AI$4>=$D15,AI$4<=$E15,WEEKDAY(AI$4,2)<=5,COUNTIF('Sources & Change Log'!$J$2:$J$5,AI$4)=0,COUNTIFS('Team Calendar'!$A$5:$A$12,$F15,'Team Calendar'!$C$5:$C$12,AI$4)=0),1,"")
A16: =WBS!A42 | B16: =WBS!B42 | C16: =WBS!G42 | D16: =IF(WBS!H42="","",WBS!H42) | E16: =IF(WBS!I42="","",WBS!I42) | F16: =WBS!L42 | G16: =IF(AND(ISNUMBER($D16),ISNUMBER($E16),G$4>=$D16,G$4<=$E16,WEEKDAY(G$4,2)<=5,COUNTIF('Sources & Change Log'!$J$2:$J$5,G$4)=0,COUNTIFS('Team Calendar'!$A$5:$A$12,$F16,'Team Calendar'!$C$5:$C$12,G$4)=0),1,"") | H16: =IF(AND(ISNUMBER($D16),ISNUMBER($E16),H$4>=$D16,H$4<=$E16,WEEKDAY(H$4,2)<=5,COUNTIF('Sources & Change Log'!$J$2:$J$5,H$4)=0,COUNTIFS('Team Calendar'!$A$5:$A$12,$F16,'Team Calendar'!$C$5:$C$12,H$4)=0),1,"") | I16: =IF(AND(ISNUMBER($D16),ISNUMBER($E16),I$4>=$D16,I$4<=$E16,WEEKDAY(I$4,2)<=5,COUNTIF('Sources & Change Log'!$J$2:$J$5,I$4)=0,COUNTIFS('Team Calendar'!$A$5:$A$12,$F16,'Team Calendar'!$C$5:$C$12,I$4)=0),1,"") | J16: =IF(AND(ISNUMBER($D16),ISNUMBER($E16),J$4>=$D16,J$4<=$E16,WEEKDAY(J$4,2)<=5,COUNTIF('Sources & Change Log'!$J$2:$J$5,J$4)=0,COUNTIFS('Team Calendar'!$A$5:$A$12,$F16,'Team Calendar'!$C$5:$C$12,J$4)=0),1,"") | K16: =IF(AND(ISNUMBER($D16),ISNUMBER($E16),K$4>=$D16,K$4<=$E16,WEEKDAY(K$4,2)<=5,COUNTIF('Sources & Change Log'!$J$2:$J$5,K$4)=0,COUNTIFS('Team Calendar'!$A$5:$A$12,$F16,'Team Calendar'!$C$5:$C$12,K$4)=0),1,"") | L16: =IF(AND(ISNUMBER($D16),ISNUMBER($E16),L$4>=$D16,L$4<=$E16,WEEKDAY(L$4,2)<=5,COUNTIF('Sources & Change Log'!$J$2:$J$5,L$4)=0,COUNTIFS('Team Calendar'!$A$5:$A$12,$F16,'Team Calendar'!$C$5:$C$12,L$4)=0),1,"") | M16: =IF(AND(ISNUMBER($D16),ISNUMBER($E16),M$4>=$D16,M$4<=$E16,WEEKDAY(M$4,2)<=5,COUNTIF('Sources & Change Log'!$J$2:$J$5,M$4)=0,COUNTIFS('Team Calendar'!$A$5:$A$12,$F16,'Team Calendar'!$C$5:$C$12,M$4)=0),1,"") | N16: =IF(AND(ISNUMBER($D16),ISNUMBER($E16),N$4>=$D16,N$4<=$E16,WEEKDAY(N$4,2)<=5,COUNTIF('Sources & Change Log'!$J$2:$J$5,N$4)=0,COUNTIFS('Team Calendar'!$A$5:$A$12,$F16,'Team Calendar'!$C$5:$C$12,N$4)=0),1,"") | ... AI16: =IF(AND(ISNUMBER($D16),ISNUMBER($E16),AI$4>=$D16,AI$4<=$E16,WEEKDAY(AI$4,2)<=5,COUNTIF('Sources & Change Log'!$J$2:$J$5,AI$4)=0,COUNTIFS('Team Calendar'!$A$5:$A$12,$F16,'Team Calendar'!$C$5:$C$12,AI$4)=0),1,"")
... A29: =WBS!A55 | B29: =WBS!B55 | C29: =WBS!G55 | D29: =IF(WBS!H55="","",WBS!H55) | E29: =IF(WBS!I55="","",WBS!I55) | F29: =WBS!L55 | G29: =IF(AND(ISNUMBER($D29),ISNUMBER($E29),G$4>=$D29,G$4<=$E29,WEEKDAY(G$4,2)<=5,COUNTIF('Sources & Change Log'!$J$2:$J$5,G$4)=0,COUNTIFS('Team Calendar'!$A$5:$A$12,$F29,'Team Calendar'!$C$5:$C$12,G$4)=0),1,"") | H29: =IF(AND(ISNUMBER($D29),ISNUMBER($E29),H$4>=$D29,H$4<=$E29,WEEKDAY(H$4,2)<=5,COUNTIF('Sources & Change Log'!$J$2:$J$5,H$4)=0,COUNTIFS('Team Calendar'!$A$5:$A$12,$F29,'Team Calendar'!$C$5:$C$12,H$4)=0),1,"") | I29: =IF(AND(ISNUMBER($D29),ISNUMBER($E29),I$4>=$D29,I$4<=$E29,WEEKDAY(I$4,2)<=5,COUNTIF('Sources & Change Log'!$J$2:$J$5,I$4)=0,COUNTIFS('Team Calendar'!$A$5:$A$12,$F29,'Team Calendar'!$C$5:$C$12,I$4)=0),1,"") | J29: =IF(AND(ISNUMBER($D29),ISNUMBER($E29),J$4>=$D29,J$4<=$E29,WEEKDAY(J$4,2)<=5,COUNTIF('Sources & Change Log'!$J$2:$J$5,J$4)=0,COUNTIFS('Team Calendar'!$A$5:$A$12,$F29,'Team Calendar'!$C$5:$C$12,J$4)=0),1,"") | K29: =IF(AND(ISNUMBER($D29),ISNUMBER($E29),K$4>=$D29,K$4<=$E29,WEEKDAY(K$4,2)<=5,COUNTIF('Sources & Change Log'!$J$2:$J$5,K$4)=0,COUNTIFS('Team Calendar'!$A$5:$A$12,$F29,'Team Calendar'!$C$5:$C$12,K$4)=0),1,"") | L29: =IF(AND(ISNUMBER($D29),ISNUMBER($E29),L$4>=$D29,L$4<=$E29,WEEKDAY(L$4,2)<=5,COUNTIF('Sources & Change Log'!$J$2:$J$5,L$4)=0,COUNTIFS('Team Calendar'!$A$5:$A$12,$F29,'Team Calendar'!$C$5:$C$12,L$4)=0),1,"") | M29: =IF(AND(ISNUMBER($D29),ISNUMBER($E29),M$4>=$D29,M$4<=$E29,WEEKDAY(M$4,2)<=5,COUNTIF('Sources & Change Log'!$J$2:$J$5,M$4)=0,COUNTIFS('Team Calendar'!$A$5:$A$12,$F29,'Team Calendar'!$C$5:$C$12,M$4)=0),1,"") | N29: =IF(AND(ISNUMBER($D29),ISNUMBER($E29),N$4>=$D29,N$4<=$E29,WEEKDAY(N$4,2)<=5,COUNTIF('Sources & Change Log'!$J$2:$J$5,N$4)=0,COUNTIFS('Team Calendar'!$A$5:$A$12,$F29,'Team Calendar'!$C$5:$C$12,N$4)=0),1,"") | ... AI29: =IF(AND(ISNUMBER($D29),ISNUMBER($E29),AI$4>=$D29,AI$4<=$E29,WEEKDAY(AI$4,2)<=5,COUNTIF('Sources & Change Log'!$J$2:$J$5,AI$4)=0,COUNTIFS('Team Calendar'!$A$5:$A$12,$F29,'Team Calendar'!$C$5:$C$12,AI$4)=0),1,"")

Sheet Milestones & Decisions
A1: FDS v3.1.20 · Milestones & Decision Calendar (CANDIDATE)
A3: ID | B3: Item | C3: Type | D3: Status | E3: Date / Start | F3: End | G3: Lead | H3: Decision / Exit | I3: Schedule note | J3: Lead action
A4: MS-G0-01 | B4: G0 Design Freeze | C4: Milestone | D4: Done | E4: 46260 | F4: 46266 | G4: 이권욱 | H4: D-ARC-01·D-NET-01·D-WBS-01·D-SEC-01 승인과 정본 Evidence를 확인하고 G0 FULL PASS 기록 확보 | I4: G0 Design Freeze FULL PASS (2026-09-01). | J4: Lifecycle only; Runtime separate
A5: MS-G1-01 | B5: G1 Infrastructure Ready | C5: Milestone | D5: To Do | E5: 46282 | F5: 46282 | G5: 이권욱 | H5: CentOS/containerd, Ansible Inventory/SSH/멱등성, 3CP+3Worker, API LB/Calico, Harbor/Runner/PostgreSQL, Node Connectivity와 Push/Pull 준비도 승인 | I5: 09-17 오후 조건부 인수 목표. 6대·API/LB·Calico·DB·Harbor·Runner 증적 미충족이면 PASS 불가. 실제 상태·완료 판정은 유지한다. 세부 배정: Fast Track Plan 시트. | J5: Lifecycle only; Runtime separate
A6: MS-G2-01 | B6: G2 Security / Feature Ready | C6: Milestone | D6: To Do | E6: 46286 | F6: 46286 | G6: 이하영 | H6: 2-Service MSA, DB 저장, Security P0, CI/CD, Monitoring, Initial E2E/Negative Test/Worker Drain 준비도를 승인 | I6: 09-21 오후 종료 시점 목표. 앱/보안/CI/Monitoring·초기 E2E/Negative/Drain 준비도와 해당 증적이 선행한다. 실제 상태·완료 판정은 유지한다. 세부 배정: Fast Track Plan 시트. | J6: Lifecycle only; Runtime separate
A7: MS-G3-01 | B7: G3 Review Ready | C7: Milestone | D7: To Do | E7: 46287 | F7: 46287 | G7: 이권욱 | H7: Final E2E/Regression, Worker Drain, PostgreSQL Restore, Critical Issue 0, Architecture/Test/Runbook 준비도를 승인 | I7: 09-22 오전 최종 회귀·Drain·Restore 증적·Critical Issue 0과 산출물 동결이 모두 충족될 때 인수한다. 실제 상태·완료 판정은 유지한다. 세부 배정: Fast Track Plan 시트. | J7: Lifecycle only; Runtime separate
A8: MS-P1-REVIEW-01 | B8: Phase 1 Review | C8: Milestone | D8: To Do | E8: 46287 | F8: 46287 | G8: 이권욱 | H8: 승인된 일정에 Demo/산출물/G3/Known Issue Review를 수행하고 Action 및 승인결과를 기록 | I8: 기존 09-20 일요일 대신 09-22 화요일 오후. G3 통과와 참석자 확정이 필요하다. 실제 상태·완료 판정은 유지한다. 세부 배정: Fast Track Plan 시트. | J8: Lifecycle only; Runtime separate
A9: MS-P1-CLOSE-01 | B9: Phase 1 Close | C9: Milestone | D9: To Do | E9: 46288 | F9: 46288 | G9: 이권욱 | H9: Review Action 처리, P0 승인, P1/Known Issue Owner·Due 이관 및 Phase 1 Close Sign-off 확보 | I9: 09-24~09-25 비근무 전에 종결한다. | J9: Lifecycle only; Runtime separate
A10: MS-P2-START-01 | B10: Phase 2 Start | C10: Milestone | D10: To Do | E10: 46293 | F10: 46293 | G10: 이권욱 | H10: Phase 1 Close, Phase 2 계정·권한·일정·P0 범위·OCI Go/No-Go 계획을 확인하고 착수 승인 | I10: 09-24~09-25 비근무 후 첫 작업일에 착수한다. | J10: Lifecycle only; Runtime separate
A11: MS-G4-01 | B11: G4 Cloud / VPN Ready | C11: Milestone | D11: To Do | E11: 46303 | F11: 46303 | G11: 이권욱 | H11: Terraform 인프라, 승인 Transit/VPN, Route/Security, ROSA 선행조건 및 승인 TCP 경로 준비도 승인 | I11: 10-05 비근무를 반영한다. OCI No-Go 시 승인 Fallback 기준으로 판정한다. | J11: Lifecycle only; Runtime separate
A12: MS-G5-01 | B12: G5 ROSA Application Ready | C12: Milestone | D12: To Do | E12: 46311 | F12: 46311 | G12: 이하영 | H12: ROSA Platform/Security, P2-CICD-01 Runner 기반 Delivery, transaction-api/fds-engine Health·Rule Smoke Test와 Registry/DNS/Operator Decision 상태 승인 | I12: Registry는 D22, Hybrid DNS는 D23을 따른다. D23 미적용은 P0 IP Endpoint 사용 시 Non-blocker다. | J12: Lifecycle only; Runtime separate
A13: MS-G6-01 | B13: G6 Hybrid Integration Ready | C13: Milestone | D13: To Do | E13: 46317 | F13: 46317 | G13: 이권욱 | H13: Hybrid DB/Registry Integration, OADP 복구검증, Hybrid E2E/Regression, Critical Issue 0을 승인 | I13: Hybrid DNS와 Operator 공급망은 D23/D26 결과에 따라 구현 또는 Cancelled 처리한다. 같은 날 DEC-CAL-P2-01 검토를 시작해 Review 일정을 10-23까지 확정한다. | J13: Lifecycle only; Runtime separate
A14: MS-P2-REVIEW-01 | B14: Phase 2 Review | C14: Milestone | D14: To Do | E14: 46318 | F14: 46318 | G14: 이권욱 | H14: 승인된 일정에 Hybrid Demo/산출물/G6/Known Issue/Cloud Resource Review를 수행하고 Action·승인결과를 기록 | I14: 교육장 주말 작업 불가로 기존 10-24 토요일 대신 10-23 금요일 오후를 권장한다. G6/Deliverable Freeze 후 진행하고 참석자는 별도 확정한다. 실제 상태·완료 판정은 유지한다. 세부 배정: Fast Track Plan 시트. | J14: Lifecycle only; Runtime separate
A15: MS-PROJECT-CLOSE-01 | B15: Project Close | C15: Milestone | D15: To Do | E15: 46321 | F15: 46321 | G15: 이권욱 | H15: Review Action, P0 승인, 후속 P1/Known Issue, Cloud Resource/Cost, Source/Deliverable 인계 및 Project Close Sign-off 확보 | I15: D24가 Review를 10-26 이후로 이동시키면 Project Close도 Change Request 대상이다. | J15: Lifecycle only; Runtime separate
... A32: CAL-HY-20260910 | B32: 이하영 면접 휴가 | C32: Calendar Control | D32: Approved | E32: 46275 | F32: 46275 | G32: 이하영 | H32: 개인 휴가를 가용일에서 제외 | I32: 09-08 유지 / 계획일·Gate 이동 없음 | J32: User instruction 2026-09-10
A33: CR-P1-MON-01-01 | B33: Alertmanager Egress 프록시 서버 구성 | C33: Change Request | D33: In Progress | E33: 46276 | G33: 이하영 | H33: discord.com 아웃바운드 확인, 프록시 전용 VM 확정, Squid/Nginx 구성 및 discord.com allowlist 적용, 고정 IP·포트를 [Issue B(#75)](https://github.com/321Team/fds-project-baseline/issues/75)에 전달 | I33: Lead 이하영·Support 이재환, Start 2026-09-11·End TBD. 프록시 배치와 고정 scheme/host/IP/port를 확정하여 #75에 인계한다. 종료일은 후속 계획에서 확정한다. 교육장 주말 작업은 배정하지 않는다. G2는 추적용 분류이며 기존 P0/G2 Acceptance에 필수 조건을 자동 추가하지 않는다. | J33: Lifecycle only; Runtime separate
A34: CR-P1-MON-01-02 | B34: Alertmanager Egress Kubernetes 보안 설정 (NetworkPolicy) | C34: Change Request | D34: In Progress | G34: 이하영 | H34: Alertmanager 전용 NetworkPolicy(Egress) 작성·적용, podSelector 라벨 확정, Secret 주입·회전·폐기 절차 확정, 검증(허용/차단/알림 전송) 완료 및 Support Review 완료 | I34: Lead 이하영·Support 이재환. #74의 프록시 서버 구성 완료와 고정 proxy endpoint 인계가 선행조건이므로 Start/End는 TBD다. 인계 후 실제 selector·Secret·정책·시험에 반영한다. 초안 준비는 병행 가능하며 착수일 확정으로 간주하지 않는다. 교육장 주말 작업은 배정하지 않는다. G2는 추적용 분류이며 기존 P0/G2 Acceptance에 필수 조건을 자동 추가하지 않는다. | J34: Lifecycle only; Runtime separate
A35: DEC-P1-EGRESS-01 | B35: Alertmanager 전용 프록시 배치·예약 IP 사용 결정 | C35: Decision | D35: Done | E35: 46279 | F35: 46286 | G35: 이권욱 | H35: 배치·예외 정책 기록, 예약 IP/자산 충돌 확인, 자원 영향 검토, #74/#75 구현·인계 조건 연결 | I35: Decision 범위 종결. 초기 계획 End 2026-09-21은 G2 추적 목표로 보존한다. 배치·정책·예약 IP/자산·자원 영향·#74/#75 구현/인계 조건 확정이 완료되어 2026-09-16 Done 처리한다. #74/#75의 Squid/NetworkPolicy Runtime·독립 리뷰·서비스 인수는 계속 별도 추적하며 본 종결로 완료 처리하지 않는다. 교육장 주말 작업 0 원칙 유지. | J35: Lifecycle only; Runtime separate

Sheet Risks & Assumptions
A1: FDS v3.1.20 · Risks, Assumptions & Lead Decisions (CANDIDATE)
A3: ID | B3: Risk / Assumption | C3: Impact | D3: Status | E3: Owner | F3: Mitigation / Recommendation | G3: Decision needed | H3: Evidence / Trigger
A4: RA-01 | B4: server01/server08 service concentration | C4: External SPOF remains despite 3CP+3Worker | D4: Open | E4: 이권욱 | F4: Prioritize LB/Registry/DB/management HA roadmap | G4: Mentor/Lead priority | H4: Failure domain review
A5: RA-02 | B5: ICR-D-NET-01-01 End TBD | C5: G2 schedule uncertainty | D5: Open | E5: 이권욱 | F5: Set end date after canary scope and rollback approval | G5: End date | H5: ICR plan
A6: RA-03 | B6: Management return route not closed | C6: P1-MON watchdog linkage blocked | D6: Open | E6: 이권욱 | F6: Validate .58 route on monitor/db/harbor/edge | G6: Completion date | H6: Positive/negative route evidence
A7: RA-04 | B7: Slides 11/12 screenshots absent | C7: Cannot claim runtime completion | D7: Open | E7: 이재환 | F7: Attach timestamped Test ID/result/path evidence | G7: Evidence acceptance | H7: P1-MON / DR evidence
A8: RA-05 | B8: Weekend classroom unavailable; reviews moved to weekdays | C8: Attendance and close-date risk | D8: Schedule proposal | E8: 이권욱 | F8: D20/D24 keep or move to business day | G8: Calendar decision | H8: Approved calendar
A9: RA-06 | B9: JH absent 09-14–17; handoff due 09-11 | C9: P1-DB/G1/APP/MON 및 HA/DR/E2E ownership conflict | D9: Open / critical dependency | E9: 이권욱 | F9: 09-04 owner-specific 일정 재기준선 반영; 지원 이권욱·이하영. 09/14–17 실행·리뷰 커버리지 유지. | G9: No further decision for 09-04; later absence coverage remains active | H9: D36; Team Calendar; updated WBS
A10: RA-07 | B10: HEP/GNP lockout | C10: SSH/API/CNI outage | D10: Open | E10: 이하영 | F10: Bootstrap allow → canary Worker → Worker → CP; rollback | G10: Canary gate | H10: Connectivity regression
A11: RA-08 | B11: externalTrafficPolicy Local without local endpoint | C11: Traffic dropped on selected Worker | D11: Open | E11: 이권욱 | F11: Replica topology + LB health excludes node | G11: Backend health policy | H11: Node-local endpoint test
A12: RA-09 | B12: Trivy severity threshold not explicit in canonical | C12: Pipeline gate ambiguity | D12: Open | E12: 이하영 | F12: Approve HIGH/CRITICAL fail threshold in P1-CICD-01 | G12: Threshold approval | H12: Negative scan gate
A13: RA-10 | B13: Kubernetes minor / PSA version TBD | C13: Unexpected admission change on upgrade | D13: Open | E13: 이하영 | F13: Read cluster minor in P1-K8S then pin PSA version | G13: Version value | H13: kubectl version evidence
A14: RA-11 | B14: HY leave 09-08 / 09-10; review capacity constraint | C14: P1-K8S/P1-HBR/P1-SEC Lead gap; review/support capacity reduced | D14: Mitigated / Watch | E14: 이권욱 | F14: No solo closure; GU coverage; rebaseline only by separate approval | G14: Reassess actual delay after return | H14: Team Calendar; updated WBS/Gantt

Sheet Sources & Change Log
A1: FDS v3.1.20 · Sources & Change Log (CANDIDATE)
J2: 46289
A3: Type | B3: Source / Change | C3: Version / Date | D3: Use | E3: Notes | G3: Canonical change | H3: Applied result | J3: 46290
A4: Canonical baseline | B4: FDS_Project_Implementation_Baseline_v3.1.19.md | C4: v3.1.19 RELEASED | D4: 2026-09-17 | E4: Approved content; finalization metadata subject to review/merge | G4: D36 / Team availability | H4: JH LEE 09-04 personal leave approved; owner-specific calendar added | J4: 46300
A5: Canonical ticket pack | B5: FDS_v3.1.19_Canonical_Ticket_Update_Pack_v1.0.md | C5: v3.1.19 | D5: 2026-09-17 | E5: 67 records; 58 planning + 9 historical closed | G5: P1-DNS-01 | H5: Done; technical/Evidence/Support review closed 2026-09-03 | J5: 46304
A6: Canonical | B6: D36_Team_Availability_and_Status_Update_Record_v1.0.md | C6: D36 / 2026-09-03 | D6: Personal leave / status / linked dates | E6: User-approved change | G6: P1-K8S-01 | H6: In Progress; started 2026-09-03 after LB Stage A handoff
A7: Canonical | B7: D-SEC-01_Kubernetes_Security_Design_Baseline_v1.0.md | C7: v1.0 / APPROVED | D7: Security controls | E7: Design approved; runtime evidence separate | G7: P1-LB-01 | H7: In Progress; Stage A technical/Evidence PASS, Stage B pending
A8: Canonical | B8: ICR-D-NET-01-01_Kubernetes_Node_Host_Firewall_및_Monitoring_Route_변경요청_v1.4.md | C8: v1.4 | D8: HEP/GNP / route change | E8: End date TBD | G8: Schedule rebaseline | H8: P1-DB/G1 → 09-07; APP → 09-10; MON starts 09-07; G2/G3/Close unchanged
A9: Official | B9: Kubernetes NetworkPolicy | C9: current | D9: Layer 3/4 policy | E9: https://kubernetes.io/docs/concepts/services-networking/network-policies/ | G9: P1-MON-01 | H9: In Progress; IF-06B 5-minute heartbeat target
A10: Official | B10: Kubernetes Secrets encryption at rest | C10: current | D10: EncryptionConfiguration | E10: https://kubernetes.io/docs/tasks/administer-cluster/encrypt-data/
A11: Official | B11: Financial cloud usage guide | C11: 2025 revision | D11: Trend discussion | E11: https://www.fsec.or.kr/bbs/detail?bbsNo=11691&menuNo=222
A12: Canonical | B12: D37_GitHub_Canonical_Baseline_Repository_and_v3.1.17_Release_Record_v1.0.md | C12: D37 / 2026-09-04 | D12: Repository governance / integrity correction | E12: v3.1.17 RELEASED 2026-09-07; historical control retained
A13: Canonical Candidate | B13: User instruction / Team Availability | C13: 2026-09-08 | D13: WBS/Gantt owner calendar update | E13: HY LEE interview leave; no automatic rebaseline | G13: WBS/Gantt distribution | H13: Mandatory in every canonical ZIP and as an independent Release Asset
A14: Canonical Candidate | B14: CR-P1-ANS-01-01 / infra-ansible PR #1 | C14: 2026-09-07 | D14: 완료 CR 정본 동기화 | E14: Acceptance Criteria 11/11 PASS; Support Review 및 수동 병합 완료 | F14: 507d8882a04f53640b07251bcc234b7d6ee81c09 | G14: Merge Commit | H14: 4f9bdb7c08704eebb3d1b294751e51b0721b6af4 | I14: CI | J14: NOT RUN
A15: Issue snapshot | B15: tickets/v3.1.19/sources/ | C15: 2026-09-17 | D15: Read-only capture | E15: Owner reports distinguished from independent evidence
A16: CR merge | B16: https://github.com/321Team/infra-ansible/pull/1 | C16: 4f9bdb7c08704eebb3d1b294751e51b0721b6af4 | D16: Done 2026-09-07 | E16: DNS resolver CR; not Bootstrap approval
A17: Follow-up merge | B17: https://github.com/321Team/infra-ansible/pull/3 | C17: 5cbf3b657014b32a20cb5816d90d3ea5fe4951ab | D17: Merged | E17: Gate 0 code; runtime separate
A18: Follow-up merge | B18: https://github.com/321Team/infra-ansible/pull/4 | C18: 3a02dc8934adb1f80df48ec6763689c401a1e8d6 | D18: Merged | E18: SSH count guard + issue #10 operational closure
A19: Evidence merge | B19: https://github.com/321Team/fds-project-evidence/pull/2 | C19: 36a65c64763077eabe680b81827b1c4dc6ad3fc5 | D19: Merged | E19: DB evidence merge; deployed app verification incomplete
A20: Working days | B20: Team Calendar!A5:F12 | C20: 2026-09-10 | D20: Corrected range | E20: HY 09-08/09-10. Old SEC window 4 days; proposed 09-21 window 10 days.
A21: Candidate delta | B21: audit/v3.1.19/integration/property-delta.json | C21: v3.1.19 | D21: No Issue write | E21: Description refresh must precede fresh metadata map / plan
A22: Planning count | B22: WBS!A4:A61 | C22: 58 | D22: 기존55 + CR2 + Decision1 | E22: Historic closed 9 retained in Ticket Pack, excluded from backlog
A23: Calendar addition | B23: 사용자 지시: 이하영 2026-09-10 면접 휴가 | C23: 2026-09-10 | D23: Personal absence | E23: 09-08 유지, P1-SEC 5→4, ICR End TBD
A24: ICR follow-up | B24: https://github.com/321Team/infra-kubernetes/pull/3 | C24: 7d44afc3afff4d322cb4dbeff4433d61e23e111a | D24: Merged; supplement PASS | E24: 24/24 queries; time, kubelet cause and Cockpit mask verified. Runtime pending.
A25: Runtime plans | B25: https://github.com/321Team/infra-kubernetes/pull/4 | C25: PR #2 097ddb5 / #4 75d476e | D25: New HEAD review pending | E25: PR #2: onsite mock 37/37, inspect 115. PR #4: local mock 74. Runtime not verified.
A26: K8S intake | B26: audit/v3.1.18/k8s-intake-20260910.json | C26: 2026-09-10 | D26: Issues #10 / #14 / #19 | E26: Original snapshots preserved; NTP, CP2 resume, final host protection and storage pending.
A27: Schedule proposal | B27: audit/v3.1.18/fast-track-plan.json | C27: 2026-09-10 | D27: User request | E27: Fast Tracking recommendation; actual remaining effort unmeasured
A28: Calendar constraint | B28: 주말 교육장 이용 불가 / 주말반 유입 | C28: 2026-09-10 | D28: User input | E28: No weekend/absence/after-hours capacity assumed
A29: Resource plan | B29: Fast Track Plan | C29: 23 person-days | D29: AM / PM | E29: 21.5 planned + 1.5 buffer; no person double-booked
A30: Review calendar | B30: DEC-CAL-P1-01 / DEC-CAL-P2-01 | C30: P1 decision Done | D30: P2 recommendation | E30: P1 09-22 PM decision approved; actual review separate. P2 10-23 PM proposed.
A31: v19 approved inputs | B31: PR72 dates / milestone mapping | C31: 2026-09-11 | D31: PR72: 64/64 mapped; current snapshot: 67/67 | E31: Plan dates flexible; runtime separate
A32: v19 snapshot | B32: https://github.com/321Team/fds-project-baseline/pull/73 | C32: 2026-09-17 | D32: Issue sources / PR states | E32: Comment/review sources captured in package
A33: v19 release | B33: docs-v3.1.19; see CURRENT.md / Release API | C33: 2026-09-17 | D33: Content approved | E33: PR73 approved/merged. Publication requires finalization approval, Tag and matching Assets. Source notes retain snapshot-time wording.
A34: Canonical Candidate | B34: v3.1.20 Phase 2 재계획 (Lead 결정, 2026-09-22) | C34: v3.1.20 CANDIDATE | D34: Phase 2 일정 재계획 | E34: Phase 1 지연으로 Phase 2 착수 09-28->10-06 순연. 뒷단(G6 10-22~Project Close 10-26)은 정본 §2 그대로 유지, 앞단(설계 동결~G5)만 24일->16일 압축(비율 0.667). DEC-P2-DNS-01/OP-01/REG-01은 Decision Register(D22/D23/D26, 10-16) 고정으로 압축 예외. CR-P1-MON-01-01(#74) Start 09-11 유지, CR-P1-MON-01-02(#75) Start 09-11 신규 입력, 두 건 End 10-06 입력. WBS/Ticket 완료(Done) 항목 변경 없음.

Sheet Team Calendar
A1: FDS v3.1.20 · Team Availability Calendar (CANDIDATE)
A2: Personal absences are owner-specific. Global non-working dates remain controlled in Sources & Change Log.
A4: Person | B4: Gantt Label | C4: Date | D4: Absence Type | E4: Reason | F4: Scope | G4: Availability | H4: Affected Ticket(s) | I4: Coverage | J4: Status
A5: 이하영 | B5: HY LEE | C5: 46262 | D5: 시험 휴가 (Exam Leave) | E5: 시험 (Exam) | F5: Personal absence | G5: Unavailable | H5: P1-HBR-01 | I5: 이권욱 (GU LEE) | J5: Recorded
A6: 이재환 | B6: JH LEE | C6: 46269 | D6: 개인 휴가 (Personal Leave) | E6: 개인 사정 (Personal) | F6: Personal absence | G6: Unavailable | H6: P1-DB-01; P1-APP-01; P1-MON-01; MS-G1-01 | I6: 이권욱·이하영 (GU/HY LEE) | J6: Approved
A7: 이재환 | B7: JH LEE | C7: 46279 | D7: 예비군 (Reserve Duty) | E7: 예비군 (Reserve Duty) | F7: Personal absence | G7: Unavailable | H7: P1-E2E-01; P1-MON-02; P1-DR-02; P1-HA-02 | I7: 이권욱·이하영 (GU/HY LEE) | J7: Recorded
A8: 이재환 | B8: JH LEE | C8: 46280 | D8: 예비군 (Reserve Duty) | E8: 예비군 (Reserve Duty) | F8: Personal absence | G8: Unavailable | H8: P1-E2E-01; P1-MON-02; P1-DR-02; P1-HA-02 | I8: 이권욱·이하영 (GU/HY LEE) | J8: Recorded
A9: 이재환 | B9: JH LEE | C9: 46281 | D9: 예비군 (Reserve Duty) | E9: 예비군 (Reserve Duty) | F9: Personal absence | G9: Unavailable | H9: P1-E2E-01; P1-MON-02; P1-DR-02; P1-HA-02 | I9: 이권욱·이하영 (GU/HY LEE) | J9: Recorded
A10: 이재환 | B10: JH LEE | C10: 46282 | D10: 예비군 (Reserve Duty) | E10: 예비군 (Reserve Duty) | F10: Personal absence | G10: Unavailable | H10: P1-E2E-01; P1-MON-02; P1-DR-02; P1-HA-02 | I10: 이권욱·이하영 (GU/HY LEE) | J10: Recorded
A11: 이하영 | B11: HY LEE | C11: 46273 | D11: 면접 휴가 (Interview Leave) | E11: 면접 (Interview) | F11: Personal absence | G11: Unavailable | H11: P1-K8S-01; P1-HBR-01; P1-SEC-01; ICR-D-NET-01-01; P1-APP-01; P1-CICD-01 | I11: 이권욱 (GU LEE) | J11: Approved
A12: 이하영 | B12: HY LEE | C12: 46275 | D12: 면접 휴가 (Interview Leave) | E12: 면접 (Interview) | F12: Personal absence | G12: 사용자 추가 지시 2026-09-10 | H12: 기존 09-08 부재 유지 | I12: P1-SEC 5→4일 / ICR Support·리뷰 일정 영향 | J12: 계획일·담당 변경 없음
A13: 과거 변경 이력 — 현재 계획은 WBS | B13: Prior date | C13: Revised date | D13: Approved adjustment | E13: Coverage / control | F13: Gate impact
A14: P1-DB-01 | B14: End 2026-09-04 | C14: End 2026-09-07 | D14: Preserve six owner workdays | E14: Resume/complete after return | F14: G1 follows to 2026-09-07
A15: P1-APP-01 | B15: End 2026-09-09 | C15: End 2026-09-10 | D15: One-day owner gap | E15: 이하영 support; no solo closure on leave | F15: G2 2026-09-11 unchanged
A16: P1-MON-01 | B16: Start 2026-09-04 | C16: Start 2026-09-07 | D16: Start after return | E16: 이권욱 support | F16: G2 2026-09-11 unchanged
A17: MS-G1-01 | B17: 2026-09-04 | C17: 2026-09-07 | D17: Align with P1-DB completion | E17: Lead gate review after evidence | F17: G1 +1 business day
A18: HY-LEAVE-20260908 | B18: 2026-09-08 planned work | C18: No date change | D18: One-day owner gap | E18: 이권욱 coverage; no solo closure | F18: No automatic rebaseline; assess actual delay
A19: Approval | B19: D36 | C19: Approved by | D19: User / Project Lead | E19: Effective | F19: 46268
A20: Approval | B20: User instruction 2026-09-08 | C20: Approved by | D20: User / Project Lead | E20: Effective | F20: 46273

Sheet Fast Track Plan
A1: Phase 1 Fast Tracking — 기존 배정안 / 실행 인수 별도
A2: 9/11~23 평일 9일 · 주말/부재 배정 0 · 23인일 중 1.5인일 보완 버퍼 · 변경/고장 주입은 창별 단일 실행자
A3: 보존된 09-10 계획안. AM/PM 각 0.5일 가용창이며 실제 실행/잔여공수 확인을 뜻하지 않는다. 최신 계획은 WBS 참조.
A5: 날짜 | B5: 창 | C5: 담당자 | D5: 유형 | E5: 작업·인수 결과 | F5: 주 책임 티켓 | G5: 실행 선행조건 | H5: 배정 인일 | I5: 당일 가용량 | J5: 당일 배정 합계 | K5: 배정 검사 | L5: 환경 작업 창
A6: 46276 | B6: AM | C6: 이권욱 | D6: 수집·정리 | E6: CP1 보호·복구·최신 inspect 준비·ICR 범위 정리 | F6: ICR-D-NET-01-01 | G6: 없음: 읽기 전용/문서 준비 | H6: 0.5 | I6: 1 | J6: =SUMIFS($H$6:$H$59,$A$6:$A$59,A6,$C$6:$C$59,C6) | K6: =IF(J6>I6,"OVERBOOKED",IF(I6=0,"UNAVAILABLE","OK")) | L6: 2026-09-11 AM
A7: 46276 | B7: AM | C7: 이하영 | D7: 리뷰·결정 | E7: PR #2/#4 재리뷰·NTP 기준·평일 Review 검토 | F7: DEC-CAL-P1-01 | G7: 없음: 읽기 전용/문서 준비 | H7: 0.5 | I7: 1 | J7: =SUMIFS($H$6:$H$59,$A$6:$A$59,A7,$C$6:$C$59,C7) | K7: =IF(J7>I7,"OVERBOOKED",IF(I7=0,"UNAVAILABLE","OK")) | L7: 2026-09-11 AM
A8: 46276 | B8: AM | C8: 이재환 | D8: 인계 | E8: APP/DB Source·Schema·검증·복구 절차 인계 | F8: P1-APP-01 | G8: 고정 Source·접근권한·실행/판정/복구 절차 확인; 환경 변경과 독립 진행 | H8: 0.5 | I8: 1 | J8: =SUMIFS($H$6:$H$59,$A$6:$A$59,A8,$C$6:$C$59,C8) | K8: =IF(J8>I8,"OVERBOOKED",IF(I8=0,"UNAVAILABLE","OK")) | L8: 2026-09-11 AM
A9: 46276 | B9: PM | C9: 이권욱 | D9: 변경 | E9: 리뷰 통과 후 CP1 canary·영수증·복구 검증 | F9: ICR-D-NET-01-01 | G9: PR #2 지적 해소·실행 결정·최신 inspect | H9: 0.5 | I9: 1 | J9: =SUMIFS($H$6:$H$59,$A$6:$A$59,A9,$C$6:$C$59,C9) | K9: =IF(J9>I9,"OVERBOOKED",IF(I9=0,"UNAVAILABLE","OK")) | L9: 2026-09-11 PM
A10: 46276 | B10: PM | C10: 이하영 | D10: 검증 | E10: CP1 변경 후 Kubernetes 검증·Harbor 준비 | F10: P1-K8S-01 | G10: PR #2 지적 해소·실행 결정·최신 inspect | H10: 0.5 | I10: 1 | J10: =SUMIFS($H$6:$H$59,$A$6:$A$59,A10,$C$6:$C$59,C10) | K10: =IF(J10>I10,"OVERBOOKED",IF(I10=0,"UNAVAILABLE","OK")) | L10: 2026-09-11 PM
A11: 46276 | B11: PM | C11: 이재환 | D11: 인계 | E11: MON Manifest·14+2 AC 및 HA/DR 케이스 인계 | F11: P1-MON-01 | G11: 고정 Source·접근권한·실행/판정/복구 절차 확인; 환경 변경과 독립 진행 | H11: 0.5 | I11: 1 | J11: =SUMIFS($H$6:$H$59,$A$6:$A$59,A11,$C$6:$C$59,C11) | K11: =IF(J11>I11,"OVERBOOKED",IF(I11=0,"UNAVAILABLE","OK")) | L11: 2026-09-11 PM
A12: 46279 | B12: AM | C12: 이권욱 | D12: 변경 | E12: CP2/CP3 통신 보완 후 join 지원 | F12: ICR-D-NET-01-01 | G12: CP1 canary 검증 | H12: 0.5 | I12: 1 | J12: =SUMIFS($H$6:$H$59,$A$6:$A$59,A12,$C$6:$C$59,C12) | K12: =IF(J12>I12,"OVERBOOKED",IF(I12=0,"UNAVAILABLE","OK")) | L12: 2026-09-14 AM
A13: 46279 | B13: AM | C13: 이하영 | D13: 변경 | E13: 통신 확인 후 CP2/CP3 잔여 구성·join | F13: P1-K8S-01 | G13: CP1 canary 검증 | H13: 0.5 | I13: 1 | J13: =SUMIFS($H$6:$H$59,$A$6:$A$59,A13,$C$6:$C$59,C13) | K13: =IF(J13>I13,"OVERBOOKED",IF(I13=0,"UNAVAILABLE","OK")) | L13: 2026-09-14 AM
A14: 46279 | B14: AM | C14: 이재환 | D14: 부재 | E14: 예비군 부재 | G14: 수행 배정 없음 | H14: 0 | I14: 0 | J14: =SUMIFS($H$6:$H$59,$A$6:$A$59,A14,$C$6:$C$59,C14) | K14: =IF(J14>I14,"OVERBOOKED",IF(I14=0,"UNAVAILABLE","OK")) | L14: Unavailable
A15: 46279 | B15: PM | C15: 이권욱 | D15: 변경 | E15: Worker 통신 보완·관리 경로 확인 | F15: ICR-D-NET-01-01 | G15: CP2/CP3 상태·etcd 확인 | H15: 0.5 | I15: 1 | J15: =SUMIFS($H$6:$H$59,$A$6:$A$59,A15,$C$6:$C$59,C15) | K15: =IF(J15>I15,"OVERBOOKED",IF(I15=0,"UNAVAILABLE","OK")) | L15: 2026-09-14 PM
A16: 46279 | B16: PM | C16: 이하영 | D16: 변경 | E16: Worker kubelet/join·노드 상태 확인 | F16: P1-K8S-01 | G16: CP2/CP3 상태·etcd 확인 | H16: 0.5 | I16: 1 | J16: =SUMIFS($H$6:$H$59,$A$6:$A$59,A16,$C$6:$C$59,C16) | K16: =IF(J16>I16,"OVERBOOKED",IF(I16=0,"UNAVAILABLE","OK")) | L16: 2026-09-14 PM
A17: 46279 | B17: PM | C17: 이재환 | D17: 부재 | E17: 예비군 부재 | G17: 수행 배정 없음 | H17: 0 | I17: 0 | J17: =SUMIFS($H$6:$H$59,$A$6:$A$59,A17,$C$6:$C$59,C17) | K17: =IF(J17>I17,"OVERBOOKED",IF(I17=0,"UNAVAILABLE","OK")) | L17: Unavailable
A18: 46280 | B18: AM | C18: 이권욱 | D18: 변경 | E18: 승인 NTP·IF-16 경로 적용 후 Calico 인계 | F18: ICR-D-NET-01-01 | G18: Worker 상태·NTP 승인값 | H18: 0.5 | I18: 1 | J18: =SUMIFS($H$6:$H$59,$A$6:$A$59,A18,$C$6:$C$59,C18) | K18: =IF(J18>I18,"OVERBOOKED",IF(I18=0,"UNAVAILABLE","OK")) | L18: 2026-09-15 AM
A19: 46280 | B19: AM | C19: 이하영 | D19: 변경 | E19: NTP·경로 확인 후 Calico HEP/GNP 단계 적용 | F19: P1-K8S-01 | G19: Worker 상태·NTP 승인값 | H19: 0.5 | I19: 1 | J19: =SUMIFS($H$6:$H$59,$A$6:$A$59,A19,$C$6:$C$59,C19) | K19: =IF(J19>I19,"OVERBOOKED",IF(I19=0,"UNAVAILABLE","OK")) | L19: 2026-09-15 AM
A20: 46280 | B20: AM | C20: 이재환 | D20: 부재 | E20: 예비군 부재 | G20: 수행 배정 없음 | H20: 0 | I20: 0 | J20: =SUMIFS($H$6:$H$59,$A$6:$A$59,A20,$C$6:$C$59,C20) | K20: =IF(J20>I20,"OVERBOOKED",IF(I20=0,"UNAVAILABLE","OK")) | L20: Unavailable
A21: 46280 | B21: PM | C21: 이권욱 | D21: 검증 | E21: API LB Stage B·Backend/인증·장애조치 | F21: P1-LB-01 | G21: NTP·Calico·필수 관리 경로 정상 | H21: 0.5 | I21: 1 | J21: =SUMIFS($H$6:$H$59,$A$6:$A$59,A21,$C$6:$C$59,C21) | K21: =IF(J21>I21,"OVERBOOKED",IF(I21=0,"UNAVAILABLE","OK")) | L21: 2026-09-15 PM
A22: 46280 | B22: PM | C22: 이하영 | D22: 구현 | E22: Harbor CA/Robot/Scanner·Worker Pull 검증 | F22: P1-HBR-01 | G22: NTP·Calico·필수 관리 경로 정상 | H22: 0.5 | I22: 1 | J22: =SUMIFS($H$6:$H$59,$A$6:$A$59,A22,$C$6:$C$59,C22) | K22: =IF(J22>I22,"OVERBOOKED",IF(I22=0,"UNAVAILABLE","OK")) | L22: 2026-09-15 PM
A23: 46280 | B23: PM | C23: 이재환 | D23: 부재 | E23: 예비군 부재 | G23: 수행 배정 없음 | H23: 0 | I23: 0 | J23: =SUMIFS($H$6:$H$59,$A$6:$A$59,A23,$C$6:$C$59,C23) | K23: =IF(J23>I23,"OVERBOOKED",IF(I23=0,"UNAVAILABLE","OK")) | L23: Unavailable
A24: 46281 | B24: AM | C24: 이권욱 | D24: 구현 | E24: CI Test/Build/Trivy·배포 차단 Gate | F24: P1-CICD-01 | G24: 플랫폼/Harbor 준비 | H24: 0.5 | I24: 1 | J24: =SUMIFS($H$6:$H$59,$A$6:$A$59,A24,$C$6:$C$59,C24) | K24: =IF(J24>I24,"OVERBOOKED",IF(I24=0,"UNAVAILABLE","OK")) | L24: 2026-09-16 AM
A25: 46281 | B25: AM | C25: 이하영 | D25: 구현 | E25: PSA/SC/RBAC/Secret·Default Deny 적용 | F25: P1-SEC-01 | G25: 플랫폼/Harbor 준비 | H25: 0.5 | I25: 1 | J25: =SUMIFS($H$6:$H$59,$A$6:$A$59,A25,$C$6:$C$59,C25) | K25: =IF(J25>I25,"OVERBOOKED",IF(I25=0,"UNAVAILABLE","OK")) | L25: 2026-09-16 AM
A26: 46281 | B26: AM | C26: 이재환 | D26: 부재 | E26: 예비군 부재 | G26: 수행 배정 없음 | H26: 0 | I26: 0 | J26: =SUMIFS($H$6:$H$59,$A$6:$A$59,A26,$C$6:$C$59,C26) | K26: =IF(J26>I26,"OVERBOOKED",IF(I26=0,"UNAVAILABLE","OK")) | L26: Unavailable
A27: 46281 | B27: PM | C27: 이권욱 | D27: 검증 | E27: 승인 플랫폼 Deploy·Digest·Health·인계 MON 배치 준비 | F27: P1-CICD-01 | G27: 배포·보안 필수 통제 정상 | H27: 0.5 | I27: 1 | J27: =SUMIFS($H$6:$H$59,$A$6:$A$59,A27,$C$6:$C$59,C27) | K27: =IF(J27>I27,"OVERBOOKED",IF(I27=0,"UNAVAILABLE","OK")) | L27: 2026-09-16 PM
A28: 46281 | B28: PM | C28: 이하영 | D28: 검증 | E28: Harbor 4/4 Digest 대조·보안/배치 확인 | F28: P1-HBR-01 | G28: 배포·보안 필수 통제 정상 | H28: 0.5 | I28: 1 | J28: =SUMIFS($H$6:$H$59,$A$6:$A$59,A28,$C$6:$C$59,C28) | K28: =IF(J28>I28,"OVERBOOKED",IF(I28=0,"UNAVAILABLE","OK")) | L28: 2026-09-16 PM
A29: 46281 | B29: PM | C29: 이재환 | D29: 부재 | E29: 예비군 부재 | G29: 수행 배정 없음 | H29: 0 | I29: 0 | J29: =SUMIFS($H$6:$H$59,$A$6:$A$59,A29,$C$6:$C$59,C29) | K29: =IF(J29>I29,"OVERBOOKED",IF(I29=0,"UNAVAILABLE","OK")) | L29: Unavailable
A30: 46282 | B30: AM | C30: 이권욱 | D30: 검증 | E30: 인계 DB 경로·Schema 검증, MON/PVC 배치 지원 | F30: P1-DB-01 | G30: 고정 인계 패키지·보호/복구 절차 | H30: 0.5 | I30: 1 | J30: =SUMIFS($H$6:$H$59,$A$6:$A$59,A30,$C$6:$C$59,C30) | K30: =IF(J30>I30,"OVERBOOKED",IF(I30=0,"UNAVAILABLE","OK")) | L30: 2026-09-17 AM
A31: 46282 | B31: AM | C31: 이하영 | D31: 검증 | E31: 보호 인계·Reboot/복구 회귀·정본 배치 검수 | F31: P1-SEC-01 | G31: 고정 인계 패키지·보호/복구 절차 | H31: 0.5 | I31: 1 | J31: =SUMIFS($H$6:$H$59,$A$6:$A$59,A31,$C$6:$C$59,C31) | K31: =IF(J31>I31,"OVERBOOKED",IF(I31=0,"UNAVAILABLE","OK")) | L31: 2026-09-17 AM
A32: 46282 | B32: AM | C32: 이재환 | D32: 부재 | E32: 예비군 부재 | G32: 수행 배정 없음 | H32: 0 | I32: 0 | J32: =SUMIFS($H$6:$H$59,$A$6:$A$59,A32,$C$6:$C$59,C32) | K32: =IF(J32>I32,"OVERBOOKED",IF(I32=0,"UNAVAILABLE","OK")) | L32: Unavailable
A33: 46282 | B33: PM | C33: 이권욱 | D33: 인수 | E33: G1 인수 점검·잔여 Source/증적/Runbook 정리 | F33: MS-G1-01 | G33: G1 필수 증적 충족 | H33: 0.5 | I33: 1 | J33: =SUMIFS($H$6:$H$59,$A$6:$A$59,A33,$C$6:$C$59,C33) | K33: =IF(J33>I33,"OVERBOOKED",IF(I33=0,"UNAVAILABLE","OK")) | L33: 2026-09-17 PM
A34: 46282 | B34: PM | C34: 이하영 | D34: 검토 | E34: G1 독립 대조·MON 제한 권한/망정책 검토 | F34: P1-K8S-01 | G34: G1 필수 증적 충족 | H34: 0.5 | I34: 1 | J34: =SUMIFS($H$6:$H$59,$A$6:$A$59,A34,$C$6:$C$59,C34) | K34: =IF(J34>I34,"OVERBOOKED",IF(I34=0,"UNAVAILABLE","OK")) | L34: 2026-09-17 PM
A35: 46282 | B35: PM | C35: 이재환 | D35: 부재 | E35: 예비군 부재 | G35: 수행 배정 없음 | H35: 0 | I35: 0 | J35: =SUMIFS($H$6:$H$59,$A$6:$A$59,A35,$C$6:$C$59,C35) | K35: =IF(J35>I35,"OVERBOOKED",IF(I35=0,"UNAVAILABLE","OK")) | L35: Unavailable
A36: 46283 | B36: AM | C36: 이권욱 | D36: 지원 | E36: CI·IF-06B/monitor01 통합 및 증적 | F36: P1-CICD-01 | G36: G1 인수·이재환 복귀 | H36: 0.5 | I36: 1 | J36: =SUMIFS($H$6:$H$59,$A$6:$A$59,A36,$C$6:$C$59,C36) | K36: =IF(J36>I36,"OVERBOOKED",IF(I36=0,"UNAVAILABLE","OK")) | L36: 2026-09-18 AM
A37: 46283 | B37: AM | C37: 이하영 | D37: 지원 | E37: APP/MON 보안·권한·배치 검증 | F37: P1-SEC-01 | G37: G1 인수·이재환 복귀 | H37: 0.5 | I37: 1 | J37: =SUMIFS($H$6:$H$59,$A$6:$A$59,A37,$C$6:$C$59,C37) | K37: =IF(J37>I37,"OVERBOOKED",IF(I37=0,"UNAVAILABLE","OK")) | L37: 2026-09-18 AM
A38: 46283 | B38: AM | C38: 이재환 | D38: 통합 | E38: 복귀 인수·APP/DB/MON Runtime 통합 | F38: P1-APP-01 | G38: G1 인수·이재환 복귀 | H38: 0.5 | I38: 1 | J38: =SUMIFS($H$6:$H$59,$A$6:$A$59,A38,$C$6:$C$59,C38) | K38: =IF(J38>I38,"OVERBOOKED",IF(I38=0,"UNAVAILABLE","OK")) | L38: 2026-09-18 AM
A39: 46283 | B39: PM | C39: 이권욱 | D39: 검증 | E39: 고정 환경의 IF-06B/Source/Return Path 관찰 | F39: ICR-D-NET-01-01 | G39: APP/DB/MON 정상·시험 순서/환경 동결 | H39: 0.5 | I39: 1 | J39: =SUMIFS($H$6:$H$59,$A$6:$A$59,A39,$C$6:$C$59,C39) | K39: =IF(J39>I39,"OVERBOOKED",IF(I39=0,"UNAVAILABLE","OK")) | L39: 2026-09-18 PM
A40: 46283 | B40: PM | C40: 이하영 | D40: 검증 | E40: 합의된 순서로 보안 Positive/Negative 시험 | F40: P1-SEC-01 | G40: APP/DB/MON 정상·시험 순서/환경 동결 | H40: 0.5 | I40: 1 | J40: =SUMIFS($H$6:$H$59,$A$6:$A$59,A40,$C$6:$C$59,C40) | K40: =IF(J40>I40,"OVERBOOKED",IF(I40=0,"UNAVAILABLE","OK")) | L40: 2026-09-18 PM
A41: 46283 | B41: PM | C41: 이재환 | D41: 검증 | E41: Initial E2E·MON 14+2 AC·Alert/Watchdog 검증 | F41: P1-MON-01 | G41: APP/DB/MON 정상·시험 순서/환경 동결 | H41: 0.5 | I41: 1 | J41: =SUMIFS($H$6:$H$59,$A$6:$A$59,A41,$C$6:$C$59,C41) | K41: =IF(J41>I41,"OVERBOOKED",IF(I41=0,"UNAVAILABLE","OK")) | L41: 2026-09-18 PM
A42: 46286 | B42: AM | C42: 이권욱 | D42: 지원 | E42: Drain 창의 LB/CI/통신·증적 관찰 | F42: P1-HA-01 | G42: Initial E2E·보안·분산 배치 정상 | H42: 0.5 | I42: 1 | J42: =SUMIFS($H$6:$H$59,$A$6:$A$59,A42,$C$6:$C$59,C42) | K42: =IF(J42>I42,"OVERBOOKED",IF(I42=0,"UNAVAILABLE","OK")) | L42: 2026-09-21 AM
A43: 46286 | B43: AM | C43: 이하영 | D43: 지원 | E43: Drain 복구·노드/보안 회귀 검증 | F43: P1-SEC-01 | G43: Initial E2E·보안·분산 배치 정상 | H43: 0.5 | I43: 1 | J43: =SUMIFS($H$6:$H$59,$A$6:$A$59,A43,$C$6:$C$59,C43) | K43: =IF(J43>I43,"OVERBOOKED",IF(I43=0,"UNAVAILABLE","OK")) | L43: 2026-09-21 AM
A44: 46286 | B44: AM | C44: 이재환 | D44: 시험 | E44: Worker Drain→복구→E2E, Restore 동시 실행 금지 | F44: P1-HA-01 | G44: Initial E2E·보안·분산 배치 정상 | H44: 0.5 | I44: 1 | J44: =SUMIFS($H$6:$H$59,$A$6:$A$59,A44,$C$6:$C$59,C44) | K44: =IF(J44>I44,"OVERBOOKED",IF(I44=0,"UNAVAILABLE","OK")) | L44: 2026-09-21 AM
A45: 46286 | B45: PM | C45: 이권욱 | D45: 인수 | E45: Restore 증적 대조·ICR 잔여·G2 인수 준비 | F45: ICR-D-NET-01-01 | G45: Drain 복구 확인·격리 Restore 승인 대상 | H45: 0.5 | I45: 1 | J45: =SUMIFS($H$6:$H$59,$A$6:$A$59,A45,$C$6:$C$59,C45) | K45: =IF(J45>I45,"OVERBOOKED",IF(I45=0,"UNAVAILABLE","OK")) | L45: 2026-09-21 PM
A46: 46286 | B46: PM | C46: 이하영 | D46: 인수 | E46: Restore 후 보안 회귀·G2 인수 판단 | F46: MS-G2-01 | G46: Drain 복구 확인·격리 Restore 승인 대상 | H46: 0.5 | I46: 1 | J46: =SUMIFS($H$6:$H$59,$A$6:$A$59,A46,$C$6:$C$59,C46) | K46: =IF(J46>I46,"OVERBOOKED",IF(I46=0,"UNAVAILABLE","OK")) | L46: 2026-09-21 PM
A47: 46286 | B47: PM | C47: 이재환 | D47: 시험 | E47: 격리 Restore→최종 E2E·DB 정합성 | F47: P1-DR-01 | G47: Drain 복구 확인·격리 Restore 승인 대상 | H47: 0.5 | I47: 1 | J47: =SUMIFS($H$6:$H$59,$A$6:$A$59,A47,$C$6:$C$59,C47) | K47: =IF(J47>I47,"OVERBOOKED",IF(I47=0,"UNAVAILABLE","OK")) | L47: 2026-09-21 PM
... A59: 46288 | B59: PM | C59: 이재환 | D59: 종료 | E59: APP/DB/MON Runbook·Known Issue 인계 | F59: MS-P1-CLOSE-01 | G59: P0 전부 충족·Critical 0·인수 승인 | H59: 0.5 | I59: 1 | J59: =SUMIFS($H$6:$H$59,$A$6:$A$59,A59,$C$6:$C$59,C59) | K59: =IF(J59>I59,"OVERBOOKED",IF(I59=0,"UNAVAILABLE","OK")) | L59: 2026-09-23 PM
